타임스탬프,은행 및 금융사 마케팅 문구 1,은행 및 금융사 마케팅 문구 2 (공란 가능),은행 및 금융사 마케팅 문구 3 (공란 가능),
2023. 8. 3 오후 11:09:35,"(광고)[KB국민은행]
[Web발신]
(광고)[KB국민은행] 단 3일! 최대 1천만원(추첨)! 꽝 없는 럭키박스 이벤트

아직 안 열어본 럭키박스가 있어요!
100%당첨 럭키박스가 사라지기전에
지금 바로 열어보세요~~
1천만원 추첨 행운의 기회까지 get!

-본 이벤트는 이 메시지를 수신하신 고객님만 참여 가능합니다-

▶ KB스타뱅킹에서 럭키박스 열기
https://bit.ly/2ZHbmBL

■ 참여방법 
럭키박스 열고 상품 확인 후 응모하면 100% 드림! (★응모필수★)
전체 응모자 중 1명 추첨하여 1천만원 또 드림!

■ 이벤트기간
21.9.28(화) ~ 9.30(목)

■ 당첨자 발표 및 경품지급
2021.10.8(금)
※발표일로부터 10영업일 이내 경품지급

※본 이벤트는 안내문자를 수신한 고객님만 당첨대상에 해당됩니다.
※모바일쿠폰 경품은 고객정보상의 휴대전화번호로 발송되오니 등록된 고객정보를 확인해주시기 바랍니다.
※ 5만원 초과 현금경품에 대한 제세공과금은 고객부담으로, 제세공과금(22%)을 차감한 금액이 KB국민은행 본인명의 KB국민은행 입출금이 자유로운 예금 계좌로 입금됩니다.  
※당첨차 발표일로부터 1개월까지 연락처 오류 등의 사유로 경품 반송 시 당첨이 무효처리됩니다. 
※당첨자 발표일 기준 KB스타뱅킹을 탈퇴한 고객님은 당첨에서 제외됩니다.
※본 이벤트는 KB국민은행의 사정으로 변경 또는 중단될 수 있습니다. (단, 기 조건 충족고객 및 당첨고객 제외)
※자세한 내용은 고객센터(☎1588-9999)로 문의하시기 바랍니다.

준법감시인 심의필 제2021-2591-4호(2021.9.27)(유효기간 2021.10.22까지)
무료 수신 거부 080-853-5882

☎15889999/무료수신거부0808535882","[신한은행안내메시지]
[Web발신]
(광고)[신한은행][상품안내]
천리길도 한걸음부터! 
나도 할 수 있다! 저축왕! 

지금 바로 '신한 청년저축왕 적금'을 가입하세요!

[2023.03.14 현재, 만기해지 시,
1년제 : 기본이자율 연 4.35%, 우대이자율 연 1.3% 적용 시 최고이자율 연 5.65%(세전) 
2년제 : 기본이자율 연 4.45%, 우대이자율 연 1.3% 적용 시 최고이자율 연 5.75%(세전) 
3년제 : 기본이자율 연 4.55%, 우대이자율 연 1.3% 적용 시 최고이자율 연 5.85%(세전) ]

▶저축한도: 월 30만원 이하 자유롭게 적립가능
▶우대요건 (최대 연 1.3%)
① 급여클럽 우대 : 이 상품 신규 후 급여클럽 월급봉투를 6개월 이상 받은 경우 연 0.5%
② 목돈마련 축하 우대 : 만기 시 원금 300만원 이상인 경우 연 0.3%
③ 첫 거래 우대 : 신한은행 입출금 통장 첫 신규 대상인 경우 또는 
입출금 통장 중 거래중지 계좌만을 보유한 경우 연 0.3%
④ 친구초대 우대 : 초대코드를 입력 받거나 초대받은 코드를 입력한 경우 연 0.2%
※ 계약기간 만기 전 중도해지 한 계좌에 대해서는 적용하지 않습니다. 

▶ 신한 청년저축왕 적금 바로가기
https://me.shinhan.com/FNfwURgl

[유의사항]
※ 지급 제한 사유: 계좌에 압류, 가압류, 질권설정 등이 등록될 경우 원금 및 이자 지급이 제한됩니다. 
※이 금융상품을 가입(계약)하시기 전에 '금융상품 설명서' 및 '약관'을 반드시 읽어보시기 바랍니다. 
※이 금융상품을 가입(계약)하시는 경우 금융소비자보호법 제19조 제1항에 따라 상품에 관한 중요한 사항을 설명 받으실 수 있습니다.
※이 광고는 법령 및 내부통제기준에 따른 관련 절차를 거쳐 제공됩니다. 
※이 예금은 예금자보호법에 따라 예금보험공사가 보호하되, 보호한도는 본 은행에 있는 귀하의 모든 예금보호대상 금융상품의 원금과 소정의 이자를 합하여 1인당 ""최고 5천만원"" 이며, 5천만원을 초과하는 나머지 금액은 보호하지 않습니다. 
※기타 자세한 내용은 신한은행 홈페이지(www.shinhan.com)참조 또는 신한은행 고객상담센터 1599-8000(평일 오전 9시 ~ 오후 6시 / 주말 및 공휴일 휴무)로 문의 부탁 드립니다.
준법감시인 사전심사필 제2023-11044-2호 (2023.03.14~2023.12.31)
/거부(무료)0808508505","(광고)[한국투자]지금바로 발행어음
[Web발신]
 (광고)[한국투자] ♡ 발행어음 가입혜택 ♡

▣ 이벤트 기간 : 4.10 ~ 5.31

▣ 이벤트 상품 : 발행어음 약정 181일물 이상

▣ 이벤트 내용

- 신세계상품권 1만원 (1천만원 이상 순매수시 전부 지급)

- 가입금액의 0.1% 캐시백 최대 100만원 (1억원이상 순매수시, 100명 추첨지급)

☞ https://bit.ly/418rsib
(당사 온라인 매체를 통해 가입한 상품에 한해 적용, 이벤트 신청 필수)

※투자전 설명청취 및 상품설명서ㆍ약관 필독 ※예금자보호법상 보호상품 아님 ※시장금리 상황 등에 따라 수익률 변동 가능 ※발행사 한국투자증권(AA, 23.3.29, 한국신용평가)의 신용위험에 따른 원금손실가능 (AAA/AA.A.BBB각 +,0,-순으로 투자적격등급 구분) ※중도해지시 보유기간에 따라 낮은 수익율 적용(2023.1.2기준, 보유기간 1~90일-매수시점 고시수익율*20%, 91~180일-매수시점 고시수익율*30%, 181~270일-매수시점 고시수익율*50%, 271~364일-매수시점고시수익율*70%)※적립식 발행어음에 대한 자세한 사항은 홈페이지를 참고하여 주시기 바랍니다.

※ 한국투자증권 준법감시인 심사필 제2023-03452호
※ 유효기간 : 2023.04.11 ~ 2023.05.31

거부(무료)0802250012","(광고)[한국투자증권]한국투자글로벌신성장
[Web발신]
(광고)[한국투자증권]
*** 고객님, 안녕하세요!

세계경제를 주도할 7개 신성장 테마에 분산 투자하고 하위 사모펀드가 일부 손실을 우선 충당해주는 한국투자 글로벌신성장(사모투자재간접형)펀드를 소개합니다.

■ 한국투자 글로벌신성장증권투자신탁(사모투자재간접형)
★ 투자포인트
☞ 글로벌 신성장 테마 7개에 분산투자하고, 테마별 주도기업에 압축투자 
☞ 손익차등형으로 하위 사모펀드가 손실 우선 충당
☞ 목표수익률 달성 시 조기상환(공모펀드 누적기준가 1,200원, 만기 3년)

- 모집청약기간: 23.07.17~08.07
- 설정일: 23.08.08
- 상품위험등급: 판매사 2등급(고위험), 운용사 2등급(높은위험)
- 선취수수료: 납입금액의 0.5% 이내 
- 총보수: 연 0.32%(판매:0.25%, 운용: 0.01%, 기타: 0.06%)
- 신탁계약기간 : 3년 
- 환매방법: 중도 환매 불가 
- 환헤지: 없음. 환노출형으로 환율변동에 따른 환차익/환차손이 기준가에 반영
※ A-e클래스 기준, 피투자펀드보수 별도

▼모집펀드를 확인하세요!!
https://bit.ly/3XugBOP

※투자전 설명청취 및 상품설명서 필독 ※예금자보호법상 보호상품 아님 ※자산가격 변동,환율변동,신용등급하락 등에 따른 원금손실(0~100%)발생가능 및 투자자귀속 ※집합투자증권:(간이)투자설명서·집합투자규약 필독, 증권거래비용 등 추가 발생 가능
※ 클래스별 보수·수수료에 따라 운용실적 상이

※ 한국투자증권 준법감시인 심사필 제2023-06645호
※ 유효기간 : 2023.07.17 ~ 2023.08.07

거부(무료)0802250012"
2023. 8. 3 오후 11:21:23,"(광고)[하나은행]감사선물도착!
[Web발신]
(광고)[하나은행]
하나원큐의 '청년내일계좌'에 관심을 가져 주신
***님께 감사의 선물로 ‘신라면 큰사발’을
준비하였습니다.

오늘 단 하루, 하나원큐에 로그인 하시면
8/16(수) 쿠폰을 적립해 드립니다.

◈ 참여 대상 : 본 문자를 하나은행으로부터 수신한 손님
◈ 참여 방법 : 오늘 하나원큐 로그인만 하면 당첨!
◈ 참여 기간 : 23.07.31(월), 단 하루!
◈ 증정 경품 : [CU] 농심)신라면 큰사발 교환권 1매
◈ 쿠폰 적립일 : 2023.08.16(수)
※ 앱 푸시로 쿠폰 적립 알림 드려요 
※ 쿠폰 확인 : 하나원큐>My하나>쿠폰함

◈ 바로 로그인하러 가기: https://hanabank.me/31YaZfd

※ 하나원큐는 하나은행 대표 스마트폰뱅킹 브랜드입니다.
※ 본 이벤트는 은행의 사정에 따라 변경 또는 중단될 수 있으며, 각 이벤트별 혜택은 동일 금액대의 다른 상품으로 변경될 수 있습니다. (단 기조건 충족손님 제외)
※본 이벤트 경품은 교환,환불,환가, 연장 및 재발급이 불가합니다.
※ 쿠폰 사용 관련 유의사항은 발급된 모바일 쿠폰 하단에 명시되어 있습니다.
※ 이벤트 문의 : 하나은행 고객센터(1599-1111)
※ 본 홍보물은 법령 및 내부통제기준에 따른 절차를 거쳐 제공됩니다.
※ 본 홍보물은 2023년 07월 31일까지 유효합니다.
준법감시인 심의필 제2023-광고-05262호(2023.07.28)
무료수신거부 0800901111","(광고)[농협카드] 제휴마케팅 안내
[Web발신]
(광고)[농협카드] 이번 여행 뷰티 쇼핑은 신세계면세점에서! (☎1644-4000)

***만 받을 수 있는
★NH농협카드 x fit COLLABO의 프리미엄 쇼핑 혜택★ 놓치지 마세요!

이번 여행, 화장품 면세쇼핑은 신세계면세점에서!
뷰티 상품 구매하고 5만원 상당의 설화수 옥용팩 본품과
신세계면세점 적립금에 중복&즉시사용 가능한 1만원 추가할인까지 받으세요!

▶ 혜택 1. $120 이상 구매 시,
[설화수 옥용팩 본품] + [추가 1만원 포인트(중복 사용 가능)]
▶ 혜택 2. $29 이상 구매 시,
스페셜 기프트 증정!
(자세한 사항은 하단의 링크를 통해 확인해보세요!)



▶ 기간 : 
23.6.26.(월) ~ 23.6.30.(금)
* 재고 소진 시 조기 종료

▶ 혜택 받으러가기 : 
https://go.nhcard.com/YheLUri


▶ 꼭 알아두세요!
* 준비된 재고 소진 시 별도 안내 없이 판매 종료될 수 있습니다.
* NH농협(채움) 신용/체크카드 결제에 한하여 혜택 적용됩니다. (법인/BC/기프트/선불카드 제외)
* 이 이벤트는 당사 사정에 따라 사전고지 없이 조기 종료될 수 있습니다.
* 자세한 사항은 NH pay앱 참고바랍니다.
* 계약체결 전 상품설명서와 약관을 확인하시기 바랍니다.
* 상환능력에 비해 신용카드사용액이 과도할 경우 개인신용평점이 하락할 수 있고, 하락 시 금융거래 관련 불이익 발생할 수 있습니다.
* 일정기간 원리금 연체 시, 모든 원리금 변제할 의무 발생할 수 있습니다.
* 신용카드 발급이 부적정한 경우(연체금 보유, 신용점수 낮음 등) 카드발급이 제한될 수 있습니다.
* 카드이용대금과 이에 수반되는 모든 수수료를 지정된 대금 결제일에 상환합니다.
* 금융소비자는 해당상품 또는 서비스에 대하여 설명을 받을 권리가 있습니다.
 
* 문의 : 카드고객상담센터(1644-4000)
* 준법감시인 심의필 2023-3272 (2023.06.23.~2023.06.30.)
/수신거부(무료)0808500707","하나은행
[Web발신]
(광고)[하나은행]
선물 가득~ LIVE하나 1주년 파티에 초대합니다!

축★LIVE하나 1주년★하
재미있는 라이브 퀴즈쇼 즐기고 선물 받아가세요!
라이브 방송에서 만나요~!

◆언제: 7월 25일(화) 오후 6시
◆어디서: 하나원큐 라이브 방송 [LIVE하나]
https://hanabank.me/3DeKlWL
◆오직 라이브 방송에서만!
-퀴즈 정답을 맞히시면 추첨을 통해
[JW메리어트 호텔 서울] 망고빙수 (5명)
[BBQ] 황금올리브치킨+콜라1.25L (30명)
[배스킨라빈스] 싱글레귤러 (50명)
[스타벅스] 아메리카노T+리얼치즈베이글 (50명)
[메가커피] 아메리카노(ICE) (200명)

-전원 증정 퀴즈를 맞히시면
[CU] 1천원 상품권 (전원증정)

※ 하나은행 라이브 방송 시청 및 이벤트 참여를 위해서는 최신버전의 하나원큐 설치가 필요합니다. (하나원큐 버전 정보: 안드로이드 2.39 / iOS 2.41)
※ 본 이벤트는 하나은행 사정에 따라 변경 또는 조기 종료 될 수 있습니다. (단, 이벤트 조건 기 충족 손님 제외)
※ 하나원큐는 하나은행 스마트폰뱅킹 대표 브랜드이며, 라이브 방송은 하나원큐에서 진행됩니다.
※ 망고빙수 경품은 ‘JW메리어트 호텔 서울 지류 금액권(10만원권)’으로 제공되며, 2023년 8월 25일 이내 개별 배송됩니다. 그 외 이벤트 경품은 2023년 8월 11일 이내 하나원큐>My하나>쿠폰함으로 지급되며 유효기간 연장 및 재발송이 불가합니다.
※ 본 홍보물은 법령 및 내부통제기준에 따른 절차를 거쳐 제공됩니다.
※ 본 홍보물은 2023년 7월 25일까지 유효합니다.
※ 준법감시인 심의필 제2023-광고-05053호(2023.07.20)
※ 문의: 하나은행 고객센터 (1599-1111)
무료수신거부 0800901111","복날 기념! 수지가 치킨 쏜닭~
[Web발신]
(광고)[하나원큐] 복날 기념! 이*경님 하나원큐 웰컴 이벤트~

▶ 수지가 치킨 100명 쏜닭~!
참여하기 : https://hanabank.me/SZQ2APP

하나원큐가 아직 낯선 이*경님을 위한 이벤트! 

① 333만뷰 돌파! 이수지의 하나원큐 소개 영상 즐기기
② 치킨과 콜라세트 행운 응모

시원하게 웃고~ 무더위를 날려보세요

※ 하나원큐는 하나은행 스마트폰뱅킹 대표 브랜드입니다.
※ 본 이벤트는 하나은행의 사정에 따라 내용이 변경되거나 조기 종료 될 수 있습니다. (단, 기 조건 충족 손님 제외)
※ 자세한 사항은 하나은행 고객센터(1599-1111>0>4)로 문의하여 주시기 바랍니다.
※ 본 홍보물은 법령 및 내부통제기준에 따른 절차를 거쳐 제공됩니다.
※ 본 홍보물은 2023년 8월 23일까지 유효합니다.  
※ 준법감시인 심의필 제2023-(광고)-04336호(2023.06.26)
무료수신거부 0800901111"
2023. 8. 3 오후 11:26:25,"(광고)(광고)[KB국민은행]
[Web발신]
(광고)(광고)호텔 숙박권부터 골드바까지~!! 
「KB스타클럽 멤버십 Grand Open 이벤트」 
7월에 찾아온 행운의 선물,국민 럭키룰렛 

▶이벤트 응모하기 
https://tinyurl.com/mvevhynz 
▶KB스타클럽 서비스 등록하러 가기 
https://tinyurl.com/ycktrhbe 

■기간: 2023.7.10(월)~7.30(일) 
■참여방법 
★EVENT 1★ 
①KB스타클럽 서비스 등록하기 
②응모하기 클릭 
③매주 화요일에 룰렛 돌리기 

★EVENT 2★ 
①KB스타클럽 서비스에서 등급 확인하기 
②이벤트 페이지 “내 등급 입력하기”에서 본인등급 선택! 

■경품 
★EVENT 1★ 
1등 
1회차:워커힐 그랜드 클럽스위트 숙박권(1명) 
2회차:골드바 10g (1명) 
3회차:신라호텔 더파크뷰 1인식사권 5매(1명) 
2등:BBQ 황금올리브치킨+ 콜라 1.25L 모바일쿠폰 1매(매주 500명) 
3등:스타벅스 카페아메리카노 Tall 모바일쿠폰 1매(매주 1,000명) 
4등:포인트리 100P(전원) 
★EVENT 2★ 
주식쿠폰(KB금융[105560] 용) 5천원권(30,000명 추첨) 

■경품지급 
이벤트 페이지 참고 

▶챗봇과 상담하기 
https://bit.ly/2VJEion 

※상품(서비스) 가입 전 상품(서비스)설명서 및 약관 필독 
※일반금융소비자는 은행이 상품 계약체결을 권유하는 경우 및 일반금융소비자가 설명을 요청하는 경우에도 중요한 사항을 이해할 수 있도록 설명받을 권리가 있음 
※본 이벤트는 KB국민은행의 사정으로 변경 또는 중단될 수 있음 
※자세한 내용 및 유의사항은 이벤트페이지 참조 및 KB국민은행 고객센터(1588-9999)로 문의 

준법감시인 심의필 제2023-2547-8호(2023.7.4) | 유효기간 2023.7.4~2023.8.18까지 
무료수신거부 0808535882 

☎15889999/무료수신거부0808535882","(광고)[KB국민은행]
[Web발신]
(광고)띵동~! ***고객님♥ 다음 달 생일을 미리 축하드립니다! 
KB스타뱅킹이 준비한 “생일 축하 쿠폰” 받아주세요~! 

▶ 생일 선물 확인하러 가기 
https://bit.ly/3os1xUW 
※정상적으로 작동 되지 않는 경우 KB스타뱅킹 앱을 최신버전으로 업데이트 부탁드립니다. 

■ 선물: KB금융쿠폰 1만원권 

■ 쿠폰 유효기간 : 2023.9.22(금) 
※ 유효기간 만료 후 쿠폰 사용 및 연장 불가 

■ 참여 방법 : 이벤트 페이지 內 ‘생일선물 받기’ 클릭 
(★KB스타뱅킹 로그인 필수★) 

▶ 챗봇과 상담하기 
https://bit.ly/2VJEion 


※ KB스타뱅킹 App(최종 업데이트 버전) 이벤트 페이지에서 응모 가능하며, 응모 기회는 1인 1회 입니다.  
※ KB국민은행으로부터 직접 안내메시지를 수신한 고객님만 경품 지급대상에 해당됩니다.  
※ 휴대전화 기종에 따른 이벤트 링크 접속 지연 발생 시 고객센터(☎1588-9999)로 문의 바랍니다. 
※ 본 이벤트는 KB국민은행의 사정으로 변경 또는 중단될 수 있습니다. (단, 기 조건 충족고객 및 당첨고객 제외) 
※ KB금융쿠폰은 KB국민은행의 금융상품 거래 시 사용하실 수 있으며 쿠폰 종류에 따라 사용 가능 상품, 사용기간 등에 차이가 있을 수 있습니다.  
※ 금융상품에 관한 계약을 체결하기 전에 금융상품 설명서 및 약관을 읽어 보시기 바랍니다. 
※ 일반금융소비자는 은행이 상품계약 체결을 권유하는 경우 및 일반 금융소비자가 설명을 요청하는 경우에도 중요한 사항을 이해할 수 있도록 설명받을 권리가 있습니다. 
※ 기타 자세한 사항은 고객센터(☏ 1588-9999) 및 KB국민은행 홈페이지, KB스타뱅킹에서 확인하실 수 있습니다 

준법감시인 심의필 제 2023-2354-3호 (2023.6.22)/유효기간 : 2023.6.22~2023.9.22까지 

☎15889999/무료수신거부0808535882","(광고)[KB국민은행]
[Web발신]
(광고)복날맞이 치킨은 KB가 쏜다!☆ 
***고객님, 지금 바로 꽝없는 룰렛 돌려보세요! 

▶ 100% 당첨 룰렛 돌리러 가기 
https://bit.ly/3Ds1xI9 

▶ 카카오톡으로 혜택, 경품이벤트 정보 받기 
https://pf.kakao.com/_djJud/friend 

▶ 챗봇과 상담하기 
https://bit.ly/2VJEion 

■ 룰렛 참여 가능 기간 
2023.7.21(금), 단 하루! 

■ 참여방법  
이벤트 페이지 內 ‘룰렛 돌리기‘ 클릭 
(★KB스타뱅킹 로그인 필수★) 

■ 경품지급 
2023.7.28(금) 이내 순차 지급 

※ 본 이벤트는 KB스타뱅킹 앱(최종 업데이트 버전)의 이벤트 페이지에서만 ‘룰렛 돌리기’를 할 수 있으며, ‘룰렛돌리기’는  1인당 1회만 할 수 있습니다. 
※ 본 이벤트는 KB국민은행으로부터 직접 안내메시지를 받으신 고객님만 경품 지급대상에 해당되며, KB국민은행 고객정보에 등록된 휴대전화번호로 발송되었습니다. 
※ 경품은 고객정보상의 휴대폰번호로 발송되오니 등록된 고객정보를 확인해주시기 바랍니다. (연락처가 일치하지 않는 경우 수령하실 수 없습니다) 
※ 휴대폰 기종에 따른 이벤트 링크 접속 지연 발생 시 고객센터(☎1588-9999) 로 문의 바랍니다. 
※ 본 이벤트는 KB국민은행의 사정으로 변경 또는 중단될 수 있습니다. (단, 기 조건 충족고객 및 당첨고객 제외) 
※ 금융소비자는 해당 서비스에 대하여 설명받을 권리가 있습니다. 
※ 상품(서비스) 가입 전 상품(서비스)설명서 및 약관을 읽어보시기 바랍니다.  
※ 자세한 내용은 고객센터(☎1588-9999)로 문의하시기 바랍니다. 

준법감시인 심의필 제 2023-2783-3호(2023.7.18) 
유효기간 : 2023.7.18~2023.7.28까지 

☎15889999/무료수신거부0808535882","[Web발신]
(광고)하나은행
소득,직업 상관없이 신청가능한 
하나원큐비상금대출 새봄맞이 이벤트!
간편하게 마이너스통장 대출받고!
100만 하나머니 GET♥

▶이벤트 기간:3차 ’23.06.01 ~’23.06.30
▶이벤트 대상:이벤트 기간내 비상금대출 받고, 첫달 이자를 정상 납부한 손님
▶이벤트 혜택:추첨을 통해 회차별 111명 하나머니 제공
-1등(1명): 100만 하나머니
-2등(10명): 5만 하나머니
-3등(100명): 5천 하나머니

▼이벤트 자세히 보기▼
https://bit.ly/새봄맞이비상금이벤트

※대출대상:직업,소득관계없이 만19세이상으로 서울보증보험㈜ 보험증권 발급 가능한 손님※한도:최저50만원~최고300만원(서울보증보험㈜ 신용등급에 따라 자동부여)※상환방식:만기일시상환(통장대출)※중도상환해약금/인지세:없음※이자납부:매월후취※대출금리:최저 연5.683%~최고 연 9.753%(2023.03.27기준)※금리산정기준:기준금리(연3.603%)+가산금리(최저 연2.68%~최고 연6.15%)-부수거래감면금리(최대0.6%)※연체이자율:대출이자율+연체가산이자율(연3%),최고 연 15%※대부업 등의 등록 및 금융이용자 보호에 관한 법률에 따른 법정 최고 금리는 연 20%※대출금리는 기준일 현재 적용금리로 기준금리 변동 시 변경될 수 있음※손님의 신용도에 따라 한도와 금리가 차등 적용되며 대출취급이 제한될 수 있음※원리금 연체시 계약만료 기한 전에 모든 원리금을 변제해야 할 의무가 발생될 수 있음※상환능력에 비해 대출금이 과도할 경우 개인신용평점이 하락하여 금융거래 시 불이익이 발생할 수 있음※금융상품 신규 전 금융상품설명서 및 약관을 읽어보시기 바랍니다※금융소비자는 해당 상품 또는 서비스에 대하여 설명 받을 권리가 있음※하나원큐는 하나은행의 대표 스마트폰뱅킹 브랜드임※상품과 이벤트 상세 내용은 하나원큐 이벤트 페이지를 참고하시기 바랍니다※하나머니는 하나카드가 운영하는 하나금융그룹 통합 멤버쉽 서비스인 하나머니 앱을 통해 간편결제,무료송금,현금인출이 가능※하나머니 적립 시점에 하나머니 탈회 및 해지 회원은 이벤트 대상에서 제외됨※자세한 문의는 하나은행 고객센터(1599-1111), 하나머니 고객상담센터(1800-0000)로 문의 ※본 홍보물은 2023년 6월 30일까지 유효합니다※준법감시인 심의필 2023-광고-02235호(2023.04.03) 
무료수신거부: 0800901111"
2023. 8. 3 오후 11:28:30,"장기카드대출 이지론 금리 할인!
[Web발신]
(광고)[KB국민카드] 간편한 신청, 중도상환수수료 없는 이지론 금리할인!!   

■ ***님께 드리는 혜택: 
 - 가능   금액 : 440만원 
 - 할인전금리 : 연 15.60%
 - 할인후금리 : 연 15.10%
 - 적용   기간 : 2023.8.2(수) ~ 9.4(월) 
  
■ 신청방법 
1. KB PAY 앱 : https://m.kbcard.com/z/b2
2. KB국민은행 자동화기기
3. 금융서비스센터 ☎1588-2788 / 고객센터 ☎1588-1688 
4. 신청가능시간 01:00 ~ 23:00

■ KB국민 이지대환대출 안내
타사 대출 이용중이신가요? 기존 대출 확인하고 유리한 조건으로 갈아타세요!
-KB PAY 앱 : https://e.kbcard.com/easyloan
-가능금액 : 최고 1억원
-적용금리 : 5.9 % ~ 19.9%(개인신용평점 등에 따라 차등 적용)
- 대출기간 : 3 ~ 54개월

■ 꼭 알아두세요 
- 대출가능여부 및 대출가능금액은 2023년 7월 31일 기준이며 신청 당시 개인신용평점과 회사정책, 차주별 DSR기준에 따라 변동될 수 있음
- 대출취급이 부적정한 경우(개인신용평점낮음, 연체사유 발생 등) 대출이 제한 될 수 있음
- 취급수수료 및 중도상환수수료 없음
- 신청 전 상품설명서와 약관을 반드시 확인 필수
- 이지론 금리: 연 3.9%~19.9% (개인신용평점 등에 따라 차등 적용)
- 연체이자율: ""정상이자율+연체가산이자율(3%p)""로 법정 최고금리(연20%) 이내에서 적용
- 이자 납입일에 이자를 납입하여야 함
- 대출상환방법: 원(리)금균등분할 등
※상환능력에 비해 대출금이 과도할 경우, 귀하의 개인신용평점이 하락할 수 있음
※개인신용평점 하락 시 금융거래와 관련된 불이익이 발생할 수 있음
※일정기간 원리금을 연체할 경우, 모든 원리금을 변제할 의무가 발생할 수 있음
- 금융소비자는 해당 상품 또는 서비스에 대하여 설명을 받을 권리가 있으며, 그 설명을 듣고 내용을 충분히 이해한 후 거래하시기 바랍니다.

■ 문의 :KB국민카드 고객센터 (☎1588-1688) 

※본 행사는 KB국민카드의 영업정책에 따라 변경 또는 중단 될 수 있습니다.
※본 안내 메세지는 KB국민카드 광고성 정보 수신 동의하신 고객님께 발송되었습니다.
(동의 여부는 전 영업일자 기준으로 발송 시점과 다를 수 있으니 양해를 부탁드립니다)
※여신금융협회 심의필 제 2023-L1f-05106호
    (2023.05.16 ~ 2024.05.15)
※ 무료수신거부 ☎080-850-1688","(광고)[KB국민은행]
[Web발신]
(광고)#한정판운동화 #트렌드아이템 #핫한여름 #인기의류

한번만 참여하면 매주 위클리 래플 자동 추첨!
빨리 응모하시면 핫한 경품을 가질 기회가 더 많아져요!

▶래플 경품 보러가기
http://bit.ly/3OwYRzr

■이벤트기간: 2023.7.31(월)~2023.8.31(목)

▶KB국민은행 챗봇과 상담하기
https://bit.ly/2VJEion

※ 본 이벤트 관련 자세한 사항은 이벤트 페이지 내 유의사항을 참고하시기 바랍니다.
※ 본 이벤트는 KB국민은행의 사정으로 변경 또는 중단될 수 있으며(단, 기 조건 충족고객 및 당첨고객 제외), 사정상 동일 금액대의 다른 상품으로 변경될 수 있습니다.
※ 일반금융소비자는 은행이 상품 계약체결을 권유하는 경우 및 일반금융소비자가 설명을 요청하는 경우에도 중요한 사항을 이해할 수 있도록 설명받을 권리가 있습니다.
※ 본 광고물은 이벤트 관련 홍보물이며 상품(서비스) 가입 전 자세한 내용은 상품(서비스)설명서 및 약관을 반드시 확인하시기 바랍니다.
※ 기타 자세한 내용은 KB국민은행 고객센터(☎1588-9999)로 문의바랍니다.

※준법감시인 심의필 제2023-2811-2호(2023.7.20) 본 광고물에 대한 유효기간 2023.7.20~2023.09.08까지

무료 수신거부 080-853-5882

☎15889999/무료수신거부0808535882","(광고)[KB국민은행]
[Web발신]
(광고)[KB국민은행] KB스타뱅킹 서비스 TOP3 

KB스타뱅킹을 가입하신 고객님들이 즐겨찾는 서비스를 소개합니다.

■ KB국민인증서
·패턴, 지문, Face ID로 쉬운 로그인
·보안카드, OTP없이 6자리 간편비밀번호로 이체
https://tinyurl.com/mr49ey2e?urlparam=Contactid:P1100769794_100413275E060106943

■ 오픈뱅킹
·다른 금융기관 계좌 조회, 출금 가능
·계좌 등록하면 KB스타뱅킹 계좌이체수수료 무료
https://tinyurl.com/38jz877h?urlparam=Contactid:P1100769794_100413275E060106943

■ 마이데이터
·나의 금융정보와 비금융정보를 한 눈에 확인
·소비패턴 분석을 통한 지출관리 서비스
https://tinyurl.com/kbmydata?urlparam=Contactid:P1100769794_100413275E060106943

※상품 및 서비스 계약체결/가입 전 설명 청취 및 설명서, 약관 필독
KB국민은행 홈페이지 www.kbstar.com
KB국민은행 고객센터 1588-9999
준법감시인 심의필 제2022-3947호(2022.12.15)(유효기간 2023.12.31까지)
무료수신거부 080-853-5822

☎15889999/무료수신거부0808535882","(광고)[하나은행]
[Web발신]
(광고) 하나은행
[쿠폰만료 안내]

이*경님의 적금금리우대쿠폰이 곧 사라져요! 

아직 사용 전이라면 유효 기간을 꼭 확인하시고, 손님을 위한 우대혜택을 꼼꼼히 챙겨보세요.

쿠폰명 : 적금금리우대쿠폰 (연 0.2%, 세전)
유효 기간 : 발급일 포함 35일 이내 (쿠폰함에서 상세 확인)

■ 내 금리우대쿠폰 확인하기 (클릭!)
: http://bit.ly/쿠폰함체크

--------------------------
▶유의사항
※ 본 쿠폰으로 가입하는 예금은 예금자보호법에 따라 예금보험공사가 보호하되, 보호한도는 본 은행에 있는 귀하의 모든 예금보호대상 금융상품의 원금과 소정의 이자를 합하여 1인당 ""최고5천만원""이며, 5천만원을 초과하는 나머지 금액은 보호하지 않습니다.
※ 금융상품에 관한 계약을 체결하기 전에 금융상품 설명서 및 약관을 읽어 보시기 바랍니다.
※ 예금성 상품가입 시 구속성 예금 제도의 영향을 받으실수 있습니다.
※ 위법계약 해지권 등 자세한 내용은 상품설명서 또는 하나은행 홈페이지(www.kebhana.com)를 참고하시거나, 고객센터(1599-1111,0,1) 또는 영업점으로 문의해 주시기 바랍니다.
※ 본 홍보물은 법령 및 내부통제기준에 따른 절차를 거쳐 제공됩니다.
※ 본 홍보물은 2023년 11월 30일까지 유효합니다.
※ 준법감시인 심의필 제2022-광고-09117호(2022.12.16)/CC브랜드221220-0167
무료수신거부 0800901111"
2023. 8. 3 오후 11:32:41,"[신한카드, 이용한도 상향 가능 안내]
[Web발신]
[신한카드] 이용한도 상향 가능 안내

안녕하세요.

신한카드를 이용해주시는 회원님께 깊은 감사의 말씀을 드립니다.
고객님의 보다 편리한 카드 이용을 위해, 고객님의 이용한도가 다음과 같이 상향 가능함을 안내하여 드립니다.

■ 상향가능 한도금액
  총 한도 : 300만원 → 500만원
  단기카드대출(현금서비스) 한도 : 120만원 → 200만원

■ 한도상향 방법
  아래 링크 또는 전용 ARS를 통해 한도상향을 진행할 수 있습니다.
  ① 바로가기 : https://shcard.io/PzNS1OG
  ② 신한pLay : https://shcard.io/limitup1
  ③ 챗봇에서 한도상향 1:1상담하기 : https://shcard.io/limitinc
  ④ 전용 ARS : ☎15667227

※ 본 안내는 여신전문금융업 감독규정 제24조의5의 3항에 의거하여 적법하게 발송되었습니다.
※ 본 안내 내용은 발송일 대비 2영업일전 기준 정보이므로 발송 후 회원님의 신용 변동이나 신한카드 사정에 의해 안내드린 이용한도로 상향되지 않을 수 있습니다. 
※ 한도 상향 후 고객님의 신용도나 월 가처분소득 변경 등의 사유 발생시 이용한도가 다시 조정될 수 있습니다.
※ 기타 문의사항은 고객센터(☎15447000)로 문의바랍니다.","(광고)[KB국민은행]
[Web발신]
(광고)무더운 여름을 이겨낼 커피선물 도착!
오늘까지 확인해주세요. (미확인시 쿠폰은 소멸됩니다)
☞ 지금 아이스 커피 선물 받기
https://tinyurl.com/e9em849h

■ 경품: 메가MGC커피 (ICE)아메리카노1매
■ 수령 기간: 2023.7.31(월) 23:59까지
■ 참여방법 
이벤트 페이지 상단 [커피쿠폰 받기] 버튼 클릭! (버튼 클릭 필수)
■ 경품지급
2023.8.11(금) 이내 

챗봇과 상담하기 
https://bit.ly/2VJEion
카톡에서 혜택 및 소식받기
https://pf.kakao.com/_djJud/friend

※ 본 이벤트는 KB스타뱅킹 App(최종 업데이트 버전)의 이벤트 페이지에서 응모가 가능하며, 응모 기회는 1인 1회에 한합니다.
※ 본 이벤트는 KB국민은행으로부터 직접 안내메시지를 수신한 고객님만 경품 지급대상에 해당되며, KB국민은행 고객정보에 등록된 휴대폰번호로 발송되었습니다.
※ 경품은 고객정보상의 휴대폰번호로 발송되오니 등록된 고객정보를 확인해주시기 바랍니다. (연락처 불일치시 수령 불가)
※ 휴대전화 기종에 따른 이벤트 링크 접속 지연 발생 시 고객센터(☎1588-9999) 로 문의 바랍니다.
※ 본 이벤트는 KB국민은행의 사정으로 변경 또는 중단될 수 있습니다.(단, 기 조건 충족고객 및 당첨고객 제외)
※ 금융소비자는 해당 서비스에 대하여 설명받을 권리가 있습니다.
※ 상품(서비스) 가입 전 상품(서비스)설명서 및 약관을 읽어보시기 바랍니다. 
※ 자세한 내용은 고객센터(☎1588-9999)로 문의하시기 바랍니다.
※ 준법감시인 심의필 제2023-2918-9호(2023.7.26) 유효기간 2023.7.26~8.11까지

☎15889999/무료수신거부0808535882","(광고)[KB국민은행]
[Web발신]
(광고)[KB국민은행]
KB마이데이터 재동의 이벤트
지금 다시 마이데이터 자산 1년 연결하면
시원한 경품 100% 당첨!

▶이벤트 자세히 보러가기
https://tinyurl.com/4sh453rr?urlparam=Contactid:T1100762711_100313275F010206943

■경품
조건 충족 시 아래 경품 중 택 1(100%지급)
① 스타벅스 아메리카노 Tall 모바일쿠폰 1매
② [CU] 모바일 금액권 5,000원권 1매
③ [파리바게트] 5,000원권 1매
④ KB Wallet 포인트 5,000p
■이벤트 기간
2023.7.24(월) ~ 8.13(일)
■대상 
본 이벤트 LMS를 KB국민은행으로부터 수신한 고객
■참여방법
이벤트 기간 內 아래 조건 모두 충족(순서무관)
① 이벤트 응모하기 
② KB마이데이터 서비스 자산 1년 연결 등록
③ [은행]개인(신용)정보 마케팅활용동의(안내수단:문자 포함 필수) 및 [마이데이터]개인(신용)정보 마케팅 활용동의 필수 
■당첨자 발표
2023.8.18(금)
■경품지급
2023.8.25(금)이내 발송

※ 경품 수령을 위한 고객정보상의 휴대폰 번호를 확인하여 주시기 바랍니다.
※ 본 이벤트는 KB국민은행의 사정으로 변경 또는 중단될 수 있습니다.
※ 서비스 가입 전 서비스설명서 및 약관을 반드시 읽어보시기 바랍니다.
※ 금융소비자는 해당 상품 또는 서비스에 대하여 설명받을 권리가 있습니다.
※ 자세한 내용 및 유의사항은 이벤트페이지를 반드시 참고바라며 KB국민은행 고객센터(☎1588-9999)로 문의바랍니다.
※ KB국민은행 고객센터  1588-9999
※ KB국민은행 홈페이지  www.kbstar.com

KB국민은행 준법감시인 심의필 제2023-2779-3호(2023.07.18), 
유효기간 2023.07.18~2023.08.25 까지  
무료수신거부 0808535882

☎15889999/무료수신거부0808535882","[Web발신]
(광고)하나은행 [하나웰컴박스 안내]

하나은행과 첫 거래를 시작한 이*경님 진심으로 감사합니다. 

감사한 손님을 위해 혜택을 가득 담은 하나의 하나웰컴박스를 선물로 준비했습니다!

하나웰컴박스에는
① 무료로 제공하는 비타 500 쿠폰
② 100% 드리는 적금금리우대쿠폰 (연 0.2%) 
③ 하나은행의 다양한 금융 서비스 안내 
가 담겨 있습니다.

2개의 선물부터 신규 손님을 위한 서비스 안내까지 모두 만날 수 있는 하나웰컴박스를 지금 열어보세요!

■ 하나웰컴박스 열기
: bit.ly/첫거래하나웰컴박스환영

*하나웰컴박스는 하나은행 첫 거래 신규손님을 위해 선물과 혜택을 모아 담은 하나원큐 페이지입니다.

※하나원큐는 하나은행 스마트폰뱅킹 대표 브랜드입니다.
※금융소비자는 해당 상품 또는 서비스에 대하여 설명 받을 권리가 있습니다.
※금융상품은 계약 체결전에 상품설명서 및 약관을 읽어보시기 바랍니다.
※이 예금은 예금자보호법에 따라 예금보험공사가 보호하되, 보호 한도는 본 은행에 있는 귀하의 모든 예금보호 대상 금융상품의 원금과 소정의 이자를 합하여 1인당 “최고 5천만원”이며, 5천만원을 초과하는 나머지 금액은 보호하지 않습니다.
※위법계약 해지권 등 자세힌 내용은 하나은행 홈페이지(www.kebhana.com) 참조해주시거나 대표번호(1599-1111)로 문의해 주시기 바랍니다.
※본 홍보물은 법령 및 내부통제기준에 따른 절차를 거쳐 제공됩니다.
※본 홍보물은 2023년 11월 30일까지 유효합니다. 준법감시인 심의필 제2022-광고-09112호(2022.12.16)/CC브랜드221223-0192
무료수신거부: 0800901111"
2023. 8. 3 오후 11:42:03,"(광고) [KB증권] 비대면계좌 수수료 혜택 지금 신청 하세요~
[Web발신]
(광고) [KB증권] 비대면계좌 수수료 혜택 신청 안내

***고객님! 반갑습니다.

KB증권 비대면계좌를 개설하여 주셔서 다시 한번 감사의 말씀을 드립니다.
★고객님께서는 평생수수료 혜택 대상고객이시며, 지금 신청하시면 평생 온라인 국내주식 위탁수수료 혜택을 받으실 수 있습니다.★

▣ 평생수수료 혜택 대상 계좌번호(개설일) : 367-8XX-3XX-01 (2023-7-24)
▣ 평생수수료 혜택 신청 가능 기간 : ~2023-10-23

▶평생수수료 혜택 신청하기
(M-able 앱) https://m.kbsec.com/q/?A857
(M-able mini 앱) https://m.kbsec.com/q/?A858

※ 수수료 혜택 미신청 시 혜택 적용 불가하며, 신청 완료 이후 주문 접수분부터 적용
※ 수수료 혜택은 주식(코스피,코스닥,코넥스) 기준 0.0044792% 부과
※ HTS(H-able,ACE), 홈페이지, MTS(M-able, M-able mini) 거래 시 혜택 적용
    (Smart M, able Tab, 증권플러스 등 제휴어플 제외) 
※ 수수료 혜택 적용 계좌 중 아래의 경우 해당일로부터 혜택 적용 불가
   - 협의수수료 등록, 주거래지점 변경, 관리자 등록, 스탁론 약정 등
     (스탁론 약정 계좌는 수수료 혜택 신청은 가능하나 실제 혜택 적용은 불가하며, 스탁론 해지 시 혜택 적용) 
※ 국내주식 소수점 매도 시 신탁수익증권 해지수수료 0.2% 부과됩니다. 
※ 본 안내는 전일자 기준 수수료혜택 미신청 고객 대상으로 발송, 신청완료 고객도 문자 발송이 될 수 있음

KB증권은 항상 고객님과 함께 합니다. 감사합니다.
※ 업무문의 : KB증권 고객센터 ☎ 1588-6611

KB증권 준법감시인 심사필 제2023-0956호(2023.04.14~2024.04.13)
*투자 전 설명청취 및 상품설명서·약관 필독 *예금자보호법 상 보호상품 아님 *자산가격변동 등에 따른 원금손실(일부 또는 전액) 발생 가능 및 투자자 귀속 *비대면 /은행연계 저가수수료계좌는 국내주식 기준 HTS,홈페이지 0.015%, 모바일 0.12%일률적용되며, 자세한 사항은 홈페이지 참조 *비대면계좌는 신용거래 이자율 더 높게 적용됨 유의(비대면계좌 최대 연9.1%~최소 연5.5%, 일반계좌 최대 연9.1%~최소 연4.9%) *당사 사정으로 이벤트 일정변경/중단가능(단,기조건 충족/당첨고객 제외)

무료수신거부 0808886611","(광고)[KB국민은행]
[Web발신]
(광고)[KB국민은행]
나의 스마트한 자산 관리 Plan!
스타뱅킹의 다양한 입출금통장 확인해보세요!

▶고객님에게 딱! 맞는 통장
https://tinyurl.com/Kbycmf?urlparam=Contactid:P1100762218_101913275A010106943

▶ 기존통장 전환하기
https://tinyurl.com/yta27smc?urlparam=Contactid:P1100762218_101913275A010106943

▶ 챗봇과 상담하기
https://bit.ly/2VJEion

※ 상품 가입 전 상품설명서 및 약관을 반드시 읽어보시기 바랍니다.
※ 예금자보호법에 따라 원금과 소정의 이자를 합하여 1인당 5천만원까지 예금자 보호합니다.
※ 금융소비자는 해당 상품 또는 서비스에 대하여 설명받을 권리가 있습니다.
※ KB국민은행 고객센터: ☎1588-9999
※ KB국민은행 홈페이지: www.kbstar.com
준법감시인 심의필 제2023-0069-3호(2023.01.06)(유효기간 2023.12.31까지)

☎15889999/무료수신거부0808535882","(광고)[KB국민은행]
[Web발신]
(광고)단, 오늘 하루만! 여름엔~ 아이스 커피!♬
특별한 이태* 고객님께 드립니다♡

▶ 커피 선물 받으러 가기
https://bit.ly/46ugfvy

■ 경품
메가MGC커피 (ICE)아메리카노 1매

■ 수령 기간
2023.6.30(금), 단 하루!

■ 참여방법 
이벤트 페이지 內 ‘럭키박스 열기’ 클릭
(★KB스타뱅킹 로그인 필수★)

■ 경품지급
2023.7.11(화) 이내 
고객정보상에 등록된 휴대폰번호, KB스타뱅킹 쿠폰함으로 지급

▶ 챗봇과 상담하기 
https://bit.ly/2VJEion

※ 본 이벤트는 KB스타뱅킹 App(최종 업데이트 버전)의 이벤트 페이지에서 응모가 가능하며, 응모 기회는 1인 1회에 한합니다.
※ 본 이벤트는 KB국민은행으로부터 직접 안내메시지를 수신한 고객님만 경품 지급대상에 해당되며, KB국민은행 고객정보에 등록된 휴대폰번호로 발송되었습니다.
※ 경품은 고객정보상의 휴대폰번호로 발송되오니 등록된 고객정보를 확인해주시기 바랍니다. (연락처 불일치시 수령 불가)
※ 휴대전화 기종에 따른 이벤트 링크 접속 지연 발생 시 고객센터(☎1588-9999) 로 문의 바랍니다.
※ 본 이벤트는 KB국민은행의 사정으로 변경 또는 중단될 수 있습니다.(단, 기 조건 충족고객 및 당첨고객 제외)
※ 금융소비자는 해당 서비스에 대하여 설명받을 권리가 있습니다.
※ 상품(서비스) 가입 전 상품(서비스)설명서 및 약관을 읽어보시기 바랍니다. 
※ 자세한 내용은 고객센터(☎1588-9999)로 문의하시기 바랍니다.

※ 준법감시인 심의필 제 2023-2396-7호(2023.6.23)
유효기간 : 2023.6.23~2023.7.11까지

☎15889999/무료수신거부0808535882","(광고)[하나은행]
[Web발신]
(광고) 하나은행
[쿠폰 안내]

반가운 이*경님에게 드려요!
♥적금금리우대쿠폰 (연 0.2%)♥

열심히 일하는 직장인 이*경님이 적금 가입 하실 때 0.2%(연, 세전) 금리 더 받길 바라는 마음에 준비했어요.

며칠 전부터 쿠폰함에서 기다리고 있대요.

지금 바로 확인해 보세요!

■ 쿠폰함 바로가기
: http://bit.ly/직장인쿠폰함

- 우대 금리 : 0.2% (연, 세전)
- 사용 기한 : 발급일 포함 35일 이내 (쿠폰함에서 상세 확인)

--------------------------
▶유의사항
※ 본 쿠폰으로 가입하는 예금은 예금자보호법에 따라 예금보험공사가 보호하되, 보호한도는 본 은행에 있는 귀하의 모든 예금보호대상 금융상품의 원금과 소정의 이자를 합하여 1인당 ""최고5천만원""이며, 5천만원을 초과하는 나머지 금액은 보호하지 않습니다.
※ 금융상품에 관한 계약을 체결하기 전에 금융상품 설명서 및 약관을 읽어 보시기 바랍니다.
※ 예금성 상품가입 시 구속성 예금 제도의 영향을 받으실수 있습니다.
※ 위법계약 해지권 등 자세한 내용은 상품설명서 또는 하나은행 홈페이지(www.kebhana.com)를 참고하시거나, 고객센터(1599-1111,0,1) 또는 영업점으로 문의해 주시기 바랍니다.
※ 본 홍보물은 법령 및 내부통제기준에 따른 절차를 거쳐 제공됩니다.
※ 본 홍보물은 2023년 11월 30일까지 유효합니다.
※ 준법감시인 심의필 제2022-광고-09113호(2022.12.16)/CC브랜드221220-0163

무료수신거부 0800901111"
2023. 8. 4 오전 11:26:58,"(광고) 최대2만원 쿠폰 제공!
[Web발신]
(광고)[KB국민카드]
KB Pay X 네이버페이
첫 자산 연동하면 네이버페이포인트 최대 2만원!

■ 내용 
자산 연동 후 프로모션코드 '내자산연동' 입력하면 네이버페이포인트 5천원 즉시 제공
쿠폰함의 '혜택2' 쿠폰교환코드를 이벤트 페이지에 등록하면, 네이버페이포인트 1만 5천원, 1만원, 5천원, 1천원 中 1개 즉시 추첨 제공

■ 기간: 2023.7.10(월)~7.19(수)

■ 대상: 본 메시지 수신 KB Pay 회원

■ 이벤트 바로가기
https://bit.ly/46FPxjX

■ 유의사항 
- 자세한 내용은 반드시 이벤트 본문 및 '꼭 확인하세요' 참조

※ 본 메시지는 KB국민카드 광고성 정보 수신 동의하신 고객님께 발송되었습니다. (동의 여부는 전 영업일자 기준)

■ 문의: ☎1644-9311

※ 본 행사는 KB국민카드의 영업정책 및 제휴업체의 사정으로 변경 또는 중단될 수 있습니다.
※ 준법감시인 심의필 230407-01179-LMS(2023.04.07)
※ 무료수신거부 ☎080-850-1688","(광고)[KB국민은행]
[Web발신]
(광고)단 이틀간!
아이스크림, 커피 둘 중 하나는 무조건 당첨!
이태*고객님, 지금 바로 행운의 랜덤박스를 열어보세요♡ 	

▶ 랜덤박스 확인하러 가기
https://bit.ly/3PrNMAv

■ 경품 (아래 경품 中 1개 100% 당첨)
1) 배스킨라빈스 더블레귤러 아이스크림 1매 
2) 메가MGC커피 ICE 아메리카노 1매

■ 수령 기간
2023.6.27(화)~6.28(수), 단 2일!

■ 참여방법 
이벤트 페이지 內 ‘랜덤박스 열기’ 클릭
(★KB스타뱅킹 로그인 필수★)

■ 경품지급
2023.7.11(화) 이내 
고객정보상에 등록된 휴대폰번호, KB스타뱅킹 쿠폰함으로 지급

▶ 챗봇과 상담하기 
https://bit.ly/2VJEion

※ 본 이벤트는 KB스타뱅킹 App(최종 업데이트 버전)의 이벤트 페이지에서 응모가 가능하며, 응모 기회는 1인 1회에 한합니다.
※ 본 이벤트는 KB국민은행으로부터 직접 안내메시지를 수신한 고객님만 경품 지급대상에 해당되며, KB국민은행 고객정보에 등록된 휴대폰번호로 발송되었습니다.
※ 경품은 고객정보상의 휴대폰번호로 발송되오니 등록된 고객정보를 확인해주시기 바랍니다. (연락처 불일치시 수령 불가)
※ 휴대전화 기종에 따른 이벤트 링크 접속 지연 발생 시 고객센터(☎1588-9999) 로 문의 바랍니다.
※ 본 이벤트는 KB국민은행의 사정으로 변경 또는 중단될 수 있습니다.(단, 기 조건 충족고객 및 당첨고객 제외)
※ 금융소비자는 해당 서비스에 대하여 설명받을 권리가 있습니다.
※ 상품(서비스) 가입 전 상품(서비스)설명서 및 약관을 읽어보시기 바랍니다. 
※ 자세한 내용은 고객센터(☎1588-9999)로 문의하시기 바랍니다.

무료 수신 거부 080-853-5882

※ 준법감시인 심의필 제 2023-2396-3호(2023.6.23)
유효기간 : 2023.6.23~2023.7.11까지

☎15889999/무료수신거부0808535882","(광고)[KB국민은행]
[Web발신]
(광고)[KB국민은행]타금융기관 신용대출을 보유하셨다면?

대출이동서비스 조회하면 100% 커피쿠폰 증정
국민은행으로 대출 갈아타면 첫달 이자지원 최대 20만원까지(추첨100명)

▶이벤트 응모하기
https://bit.ly/444WPeM 
▶대출이동서비스 조회
https://bit.ly/3JjGFpX

■ 대상
본 메시지 수신 고객님

■ 기간
23.6.16(금)~7.31(월)

■ 참여방법(①,② 순서 무관)
[이벤트1]
①대출이동서비스 조회 완료
②이벤트 응모완료 시 커피쿠폰 100% 지급(응모필수)
[이벤트2]
①대출이동서비스로 신용대출 갈아타기 완료
②이벤트 응모완료 시 최대 20만원 이자지원(추첨100명)

■ 당첨발표: 2023.8.4(금)
■ 경품지급: 2023.8.10(목)

※계약체결/가입 전 설명서 및 약관 필독
※대출금 5천만원까지 수입인지 비용없음 5천만원 초과시 금액별 수입인지 비용 차등부과(고객과 은행 각 50%씩 부담)
※금융소비자는 금융상품/서비스에 대해 설명받을 권리가 있음
※여신부적격자는 대출 제한될 수 있음
※이자는 대출기간 중 매월 이자지급일에 대출상환방법에 따라 부과(분할상환: 월단위 월계산 또는 월단위 일계산 후취)
※연체이율은 대출이율에 연3% 연체가산 최고 연체이율 연15%
단, 대출이율이 15% 이상인 경우 대출이율에 연2% 가산
※상환능력 대비 대출금이 과도할 경우 신용평점 하락 및 불이익 발생가능
※원리금 연체시 계약만기 전 모든 원리금 변제의무가 발생가능
자세한 내용은 영업점, 고객센터(☎1588-9999), 홈페이지(www.kbstar.com) 참조
※ 준법감시인 심의필 제 2023-2289-3호(2023.6.15)
본 광고물에 대한 유효기간 2023.6.15~2023.8.10까지

☎15889999/무료수신거부0808535882","(광고)[KB국민은행]
[Web발신]
(광고)오직 오늘만! 꽝없는 룰렛! 피자당첨의 주인공은?☆
이태*고객님, 지금 바로 꽝없는 룰렛 돌려보세요!

▶ 100% 당첨 룰렛 돌리러 가기
https://bit.ly/3phMLAs

▶ 카카오톡으로 혜택, 경품이벤트 정보 받기
https://pf.kakao.com/_djJud/friend

▶ 챗봇과 상담하기
https://bit.ly/2VJEion

■ 경품 (아래 경품 中 1개 100% 당첨)
1) 도미노피자 포테이토M+콜라 1.25L 모바일쿠폰 1매 
2) 100포인트리

■ 룰렛 참여 가능 기간
2023.6.23(금), 단 하루!

■ 참여방법 
이벤트 페이지 內 ‘룰렛 돌리기‘ 클릭
(★KB스타뱅킹 로그인 필수★)

■ 경품지급
2023.6.30(금) 이내 순차 지급

※ 본 이벤트는 KB스타뱅킹 App(최종 업데이트 버전)의 이벤트 페이지에서 응모가 가능하며, 응모 기회는 1인 1회에 한합니다.
※ 본 이벤트는 KB국민은행으로부터 직접 안내메시지를 수신한 고객님만 경품 지급대상에 해당되며, KB국민은행 고객정보에 등록된 휴대전화번호로 발송되었습니다.
※ 경품은 고객정보상의 휴대전화번호로 발송되오니 등록된 고객정보를 확인해주시기 바랍니다. (연락처 불일치시 수령 불가)
※ 휴대전화 기종에 따른 이벤트 링크 접속 지연 발생 시 고객센터(☎1588-9999) 로 문의 바랍니다.
※ 본 이벤트는 KB국민은행의 사정으로 변경 또는 중단될 수 있습니다.(단, 기 조건 충족고객 및 당첨고객 제외)
※ 금융소비자는 해당 서비스에 대하여 설명받을 권리가 있습니다.
※ 상품(서비스) 가입 전 상품(서비스)설명서 및 약관을 읽어보시기 바랍니다. 
※ 자세한 내용은 고객센터(☎1588-9999)로 문의하시기 바랍니다.

무료 수신 거부: 080-853-5882

준법감시인 심의필 제 2023-2381-2호(2023.6.21)
유효기간 : 2023.6.21~2023.6.30까지

☎15889999/무료수신거부0808535882"
2023. 8. 4 오후 1:27:52,"(광고) 경남은행 [깜짝 이벤트] 안내
[Web발신]
(광고)고객님 안녕하세요.
함께하면 더 좋은 은행, 
BNK경남은행이에요.

봄인가.. 여름인가.. 날씨도 애매하고..
뭔가.. 축 처지는 듯한 느낌..

지치고 힘들 땐 내게 기대~♪

모바일뱅킹 로그인만 하셔도
시~원한 아이스크림 드릴게요!

▶ 이벤트 기간 
: 2022.05.27(금) ~ 2022.05.31(화)
▶ 이벤트 참여방법 
: 모바일뱅킹 로그인 시, 자동 참여
▶ 이벤트 참여 바로가기 
: https://url.kr/vxuk2q

▶ 경품 
: 베스킨 라빈스 쿼터 아이스크림 
  모바일 쿠폰 (추첨 400명)

▶ 경품 지급(예정)일 
: 2022.06.07(화) 
  
* 유의사항
이벤트 대상자는 BNK경남은행으로부터 이 문자를 직접 수신한 고객만 해당됩니다.
이벤트 기간 내 BNK경남은행 모바일뱅킹 로그인 시, 이벤트에 자동 참여 됩니다.
이벤트 및 경품은 은행 사정에 따라 공지없이 변경 또는 중단될 수 있습니다.
이벤트 참여 고객 중 400명을 추첨하여 경품을 제공합니다.
이벤트 당첨에 대한 안내는 없으며, 당첨 고객에 한하여 
경남은행에 등록된 휴대폰 번호로 모바일 쿠폰이 발송될 예정입니다.
자세한 문의사항은 BNK경남은행 고객센터 (1588-8585 혹은 1600-8585)로 문의바랍니다.

준법감시인 심의필. 
심의번호 : 2022-G-1194
심의일자 : 2022-05-17 
유효기일 : 2022-05-31
* 무료수신거부 080-828-1000","(광고)[경남은행]신세계상품권 받아가세요!
[Web발신]
(광고) 고객님 안녕하세요.
함께하면 더 좋은 은행,
BNK경남은행이에요.

오늘 뭐 입지?
매일 고민하시는 분들 주목!

모바일뱅킹 로그인 하시면
신세계 상품권을 드려요! (추첨 300명)

▶ 이벤트 기간 
: 2022.06.17(금) ~ 2022.06.30(목)
▶ 이벤트 참여방법 
: 모바일뱅킹 로그인 시, 자동 참여

▶ 이벤트 참여 바로가기 
: https://url.kr/dah38l

▶ 경품 
: 신세계 모바일 상품권 (최대 5만원)
▶ 경품 지급(예정)일 
: 2022.07.05(화) / 개별통보
 
* 유의사항
이벤트 대상자는 BNK경남은행으로부터 이 문자를 직접 수신한 고객만 해당됩니다.
이벤트 기간 내 BNK경남은행 모바일뱅킹 로그인 시, 이벤트에 자동 참여 됩니다.
이벤트 및 경품은 은행 사정에 따라 공지없이 변경 또는 중단될 수 있습니다.
이벤트 당첨 발표는 없으며, 당첨 고객에 한하여 경남은행에 등록된 휴대폰 번호로 모바일 쿠폰이 발송될 예정입니다.
경품 수령을 위해 개인정보를 경품 발송업체에 제공하며, 경품 지급 완료 후 6개월 이내 폐기됩니다. (모바일상품권 발송 업체 : 텔코인㈜, 제공정보 : 휴대폰번호)
휴대폰번호 변경 등으로 경품 미 수령한 경우 불이익에 대하여 은행이 책임지지 않습니다.
모바일상품권은 유효기간 내 사용가능하며, 발송된 상품권의 유효기간이 경과한 경우 재발송이 불가합니다.
은행이용자에게 은행업무와 관련하여 재산상 이익을 제공하는 경우
2016.07.30부터 시행중인 은행법상 재산상 이익제공 보고 의무에 따라 보고됩니다.
자세한 문의사항은 BNK경남은행 고객센터 (1588-8585 혹은 1600-8585)로 문의바랍니다.

준법감시인 심의필.
심의번호 : 2022-G-1295
심의일자 : 2022-06-10
유효기일 : 2022-06-30
* 무료수신거부 : 080-828-1000","(광고)[KB국민은행]
[Web발신]
(광고)[KB국민은행]범상치않은 황금빛 혜택

KB마이데이터 황금레이스 RUN!
황금호랑이 골드바, 황금세뱃돈 주인공이 바로 나?

▶이벤트보러가기
https://tinyurl.com/2p9cfbwm?urlparam=Contactid:T1100247320_100821298P010456982

■기간
2022.2.7(월)~2.28(월)

■방법
KB마이데이터 자산최초등록(1개기관이상)
※마케팅 선택동의 필수(문자 포함)

■경품
[전원지급] (①,② 中 택1)
① 스타벅스 아메리카노 Tall 쿠폰
② 파리바게뜨 5천원권  모바일쿠폰
[추첨]BBQ 황금올리브치킨+콜라(500명)

※2개업권 이상 동의 시
[추첨] 황금세뱃돈 50만 포인트리(30명)

※3개업권 이상 동의 시
[추첨] 황금호랑이 골드바 10g(5명)


※경품 발송을 위해 등록된 고객정보(휴대전화번호/자택주소) 확인 필수
※제세공과금: 황금호랑이 골드바 10g 은행부담/황금세뱃돈( 50만 포인트리) 고객부담
※계약체결/가입 전 설명서 약관 필독
※금융상품, 서비스에 대해 설명 요청 가능
※본 이벤트는 KB국민은행의 사정으로 변경 또는 중단될 수 있음
※ 각 이벤트 별 자세한 내용 및 유의사항은 이벤트페이지 참고 또는 고객센터(☎1588-9999)로 문의바랍니다.

준법감시인 심의필 제2022-0305-6호(2022.2.3)(유효기간 2022.3.31까지)
무료 수신 거부 080-853-5882

☎15889999/무료수신거부0808535882","(광고)[KB국민은행]
[Web발신]
(광고)지금 바로 들어오세요! KB라이브 시청하면 피자,치킨,커피,아이스크림 모두 쏩니다!

▶라이브방송 시청하러 가기
https://bit.ly/3TfoUM9

▶이벤트 응모하러 가기
https://bit.ly/3IOaVZI


■라이브방송: 6.22(목) 18:00~19:00(예정)
■대상: KB스타뱅킹 로그인 후 KB라이브 시청고객

EVENT1. 실시간 추첨 이벤트
ㅇ 참여방법: 라이브방송 중 실시간 추첨 이벤트 참여(이벤트 응모 필수)
ㅇ 경품:
①우수상: 도미노피자 슈퍼슈프림 L+콜라1.25L 모바일쿠폰1매(30명)
②참가상: BHC 뿌링클 + 콜라1.25L 모바일쿠폰 1매(30명)

EVENT2. 댓글 소통 이벤트
ㅇ 참여방법: 라이브방송 중 댓글 소통 참여(이벤트 응모 필수)
ㅇ 경품:
① 배스킨라빈스 파인트 아이스크림 모바일쿠폰 1매(10명 선정)

EVENT3. KB라이브 5분 이상 시청 이벤트
ㅇ 참여방법: 실시간 라이브방송 5분이상 시청(이벤트 응모 필수)
ㅇ 경품:
①스타벅스 카페 아메리카노 Tall 모바일쿠폰 1매(300명 추첨)

■당첨자 발표 및 경품발송:
2023.6.30(금) 이내

※이벤트 중복 당첨 불가하며 참여 순서 무관 및 로그인 필수

▶챗봇과 상담하기
https://bit.ly/2VJEion 

※본 이벤트 응모는 1인당 1회 한함
※중복 당첨 시 경품은 최고액 경품에 한하여 1회 지급
※경품지급일 기준 참여방법 조건 미충족시 당첨 제외
※본 이벤트는 KB국민은행의 사정으로 변경 또는 중단될 수 있음
※금융소비자는 금융상품 또는 서비스에 대하여 설명받을 권리 있음
※서비스 가입 및 계약체결 전 상품(설명서)및 약관 필독
※자세한 이벤트 내용 및 유의사항은 이벤트 링크 참조 및 KB국민은행 고객센터(☎1588-9999)로 문의

무료 수신 거부 080-853-5882

☎15889999/무료수신거부0808535882"
2023. 8. 6 오후 10:57:34,"(광고)[삼성증권] 엄청난 혜택! 마감 임박!
[Web발신]
(광고)[삼성증권]

무더위 피크가 지나가네요
여름 경품 이벤트도 끝나갑니다

#제습기 #선풍기 #호캉스 #상품권 
손쉽게 경품받는 핵이득 찬스!

삼성금융통합앱 [모니모] 
첫 가입이면 누구나 드리니
가족, 친구와 공유하고
함께 당첨 기운 나눠요♡

▼곧 마감! 서두르세요▼
① 아래 링크로 모니모 가입하고
https://m.samsungpop.com/?h=july
② 이벤트 신청폼 제출하면 끝!
https://forms.gle/vrpqbXj8RzGMuE7G7

▷기간: 23.7.7~23.8.8
▷대상: 기간 내 링크를 통한
　모니모 최초 신규 가입 및
　이벤트 신청한 고객 전원
▷경품:
① 특급호텔 숙박권 50만원권
② 신세계백화점 상품권 50만원권
③ 삼성 인버터 제습기 18L
④ 다이슨 쿨 선풍기 타워형
⑤ 스타벅스 아메리카노 1잔
(①~④번 경품: 각 3명 추첨,
⑤번 경품: 상위 당첨 고객 제외 전원)

※ 이벤트 자세히 보기
: https://bit.ly/46HzXEj

★ 나는 언제쯤 팔자가 필까?
'모니모 운세톡톡'보고
팔자피자! 어깨피자! 웃음꽃피자♥
: https://bit.ly/3KBuZjz

※ 모니모 운세톡톡은 삼성증권과 무관하며 모니모에서 주관
※ 투자전 설명 청취 및 상품설명서·약관 필독
※ 예금자보호법상 보호상품 아님
※ 원금손실(0~100%) 발생 가능 및 투자자 귀속

삼성증권 준법감시인 심사필 제23-B2608호(2023.08.03 ~ 2024.08.02)

무료수신거부 0800112323","(광고)[KB국민은행]
[Web발신]
(광고)[KB국민은행] KB Wallet 포인트 최대 6,000p를 드립니다!

[KB Wallet 월렛을 찾아서 2탄] KB Wallet 이용하고
Wallet 포인트 최대 6,000p 적립해보세요! (조건 충족시)

▶이벤트 보러가기
https://bit.ly/43SQd48

▶챗봇과 상담하기
https://bit.ly/2VJEion

■기간
2023.5.2(화)~2023.6.30(금)

■참여방법
① KB Wallet 최초가입:100p
② 국민비서 신청 및 알림설정:500p
③ 전자증명서 최초가입:200p
④ New Fun Contents 최초 이용동의:200p

★BONUS
조건 모두 충족시 KB Wallet 포인트 5,000p추가 적립(2,000명 추첨)

■포인트지급
KB Wallet > 포인트통 > 내 포인트 확인하기
※자세한 사항 이벤트 페이지 참고

※ 본 이벤트는 KB스타뱅킹 앱(최종 업데이트 버전) 내 KB Wallet 이용 시에만 적용됩니다
※ 적립조건 달성시 포인트는 실시간 지급되며, 당사의 사정으로 인해 포인트 지급이 지연될수 있습니다
※본 이벤트 안내 문자는 KB국민은행 고객정보에 등록된 휴대전화번호로 발송되었습니다
※금융소비자는 해당 서비스에 대하여 설명받을 권리가 있습니다
※서비스 가입 전 서비스 설명서 및 약관을 읽어보시기 바랍니다
※자세한 내용 및 유의사항은 이벤트 페이지를 참고바라며 KB국민은행 고객센터(1588-9999)로 문의바랍니다
※본 이벤트는 KB국민은행의 사정으로 변경되거나 중단될 수 있습니다
※ 준법감시인 심의필 제2023-1588-8호(2023.4.24)
※ 유효기간: 2023.4.24 ~ 2023.7.7까지

무료 수신 거부 080-853-5882

☎15889999/무료수신거부0808535882","(광고)[KB국민은행]
[Web발신]
(광고)[KB국민은행] 쿠폰 사용기간 만료 안내
내일까지 사용하지 않으면 [10,000원 금융쿠폰] 이 사라져요 ㅠ_ㅜ

-쿠폰명:  KB금융쿠폰 
-쿠폰만료일: 4.28(금) 23:59 
※사용기간 만료 후 쿠폰 연장 및 사용 불가

Tip! 내일까지 KB스타뱅킹 쿠폰함에서 쿠폰 연장이 가능합니다!

☞내가 받은 쿠폰 확인하기
https://bit.ly/3UXkPgi?urlparam=Contactid:T1100651529_100313275F010206943

▷KB금융쿠폰이란?
https://bit.ly/3L5NlYV

▷ 챗봇과 상담하기 
https://bit.ly/2VJEion

※ KB금융쿠폰은 KB국민은행의 금융상품 거래 시 사용하실 수 있으며 쿠폰 종류에 따라 사용 가능 상품, 사용기간 등에 차이가 있을 수 있습니다. 자세한 조건은 쿠폰함을 확인하시기 바랍니다.
※ 쿠폰 사용 후 일정 기간 이내에 해당 상품을 해지하거나 거래를 취소하는 경우 사용한 쿠폰은 현금으로 지급되지 않고 쿠폰으로 복원되오니 유의하시기 바랍니다.
※ 상품 가입금액이 쿠폰 금액보다 큰 경우에만 사용 가능하며, 거래당 1개의 쿠폰을 사용할 수 있습니다.
※ 사용기간 만료 후에는 쿠폰 사용 및 사용기간 연장이 불가하며, 현금으로 교환·환불·재판매가 불가합니다.
※ 금융상품에 관한 계약을 체결하기 전에 금융상품 설명서 및 약관을 읽어 보시기 바랍니다.
※ 일반금융소비자는 은행이 상품계약 체결을 권유하는 경우 및 일반 금융소비자가 설명을 요청하는 경우에도 중요한 사항을 이해할 수 있도록 설명받을 권리가 있습니다.
※ 기타 자세한 사항은 고객센터(☏ 1588-9999) 및 KB국민은행 홈페이지, KB스타뱅킹에서 확인하실 수 있습니다.

※ 준법감시인 심의필 제2023-1581-11호(2023.4.24) 광고물에 대한 유효기간 2023.4.24~2023.4.28까지

무료 수신 거부 080-853-5882

☎15889999/무료수신거부0808535882","(광고)[KB국민은행]
[Web발신]
(광고)[KB국민은행] ☆마감임박☆
간단한 스탬프 미션을 완료하고 응모만 해주세요! (100% 당첨)
다이슨 공기청정기, 배스킨라빈스,  CU쿠폰까지 경품이 와르르!

▶ 오늘까지 참여가능한 이벤트 바로가기
https://bit.ly/3zMio6H

■기간: 2023.4.13(목) ~ 4.19(수) 

■참여방법
① 이벤트 페이지 상단 [내 스탬프 확인하기] 를 통해 미션 확인
② 미션 달성 후 활성화된 [경품 신청하기]  버튼 클릭하면 응모 완료!

※ 미션: KB스타뱅킹 KB Pay등록,KB스타뱅킹알림 동의,KB스타뱅킹 입출금알림 동의

■경품: 아래 경품 중 추첨을 통해 지급
1등: 다이슨 공기청정기/ 2등: 배스킨라빈스 더블레귤러 아이스크림/ 
3등: CU 모바일 금액권 1천원권

■ 당첨자 발표: 2023.4.21(금) 
■ 경품지급: 모바일쿠폰 : 2023.4.28(금) 이내/ 실물경품 : 2023.5.19(금) 이내 

▶ 챗봇과 상담하기 
https://bit.ly/2VJEion

※ 본 이벤트는 KB스타뱅킹App(최신 업데이트 버전)의 이벤트 페이지 내에서 1인 1회만 참여가능합니다.
※ 연락처 오류 등의 사유로 경품 수령 불가 시 당첨이 무효처리됩니다.
※ 금융소비자는 금융상품 또는 서비스에 대하여 설명받을 권리가 있습니다.
※ 서비스 가입 전 서비스 설명서 및 약관을 읽어보시기 바랍니다.
※ 자세한 내용 및 유의사항은 이벤트 페이지를 참고 바라며 KB국민은행 고객센터(1588-9999)로 문의바랍니다.
※ 본 이벤트는 KB국민은행의 사정으로 변경되거나 중단될 수 있습니다.

무료 수신 거부 080-853-5882

☎15889999/무료수신거부0808535882"
2023. 8. 7 오후 9:25:05,"(광고)[KB국민은행]
(광고)[KB국민은행]
원하는 간식 골라 먹는 이벤트 진행중♬

★특별선정 고객님★ 
KB로 자동납부하면 1만원 상당의
간식쿠폰 드려요!(조건충족시)

▶이벤트 자세히 보기
https://tinyurl.com/3ta9dypv

■기간: 2023.7.20(목)~8.31(목)

■대상: KB국민은행으로부터 본 이벤트 알림을 직접 받으신 고객님

■참여방법
①KB스타뱅킹 이벤트페이지 접속하기
②‘응모하기’ 클릭 후 경품 선택하여 응모하기
③2023.9.30(토)까지 자동납부* 1건 이상 등록하여 출금 완료 시 경품 지급!
 ★자동납부 항목: 공과금, 아파트관리비 중 한 가지 이상
※자세한 내용은 이벤트페이지에서 꼭 확인하세요.

■경품: ①~④ 중 한 가지 선택(변경불가)
①배스킨라빈스 5천원권 2매
②파리바게뜨 5천원권 2매
③GS25 모바일 상품권 5천원권 2매
④CU 모바일 금액권 5천원권 2매

■경품지급: 자동납부 출금일에 따라 경품지급일 상이
[1차 지급] 2023.9.7(목) 이내, [2차 지급] 2023.10.12(목) 이내

▶카카오톡으로 혜택,경품이벤트 정보받기
https://pf.kakao.com/_djJud/friend

▶챗봇과 상담하기
https://bit.ly/2VJEion

※본 이벤트는 안내메시지를 직접 수신한 고객님만을 대상으로 함
※상품(서비스) 가입 전 상품(서비스)설명서 및 약관 필독
※일반금융소비자는 은행이 상품 계약체결을 권유하는 경우 및 일반금융소비자가 설명을 요청하는 경우에도 중요한 사항을 이해할 수 있도록 설명받을 권리가 있음
※본 이벤트는 KB국민은행의 사정으로 변경 또는 중단될 수 있음
※자세한 내용 및 유의사항은 이벤트페이지 참조 및 KB국민은행 고객센터(1588-9999)로 문의

준법감시인 심의필 제2023-2750-8호(2023.7.18) (유효기간 2023.7.18~2023.10.12까지)

무료수신거부 0808535882

☎15889999/무료수신거부0808535882","(광고)[KB국민은행]
(광고)단, 오늘 하루만! 여름엔~ 아이스 커피!♬
특별한 이재* 고객님께 드립니다♡

▶ 커피 선물 받으러 가기
https://bit.ly/46ugfvy

■ 경품
메가MGC커피 (ICE)아메리카노 1매

■ 수령 기간
2023.6.30(금), 단 하루!

■ 참여방법 
이벤트 페이지 內 ‘럭키박스 열기’ 클릭
(★KB스타뱅킹 로그인 필수★)

■ 경품지급
2023.7.11(화) 이내 
고객정보상에 등록된 휴대폰번호, KB스타뱅킹 쿠폰함으로 지급

▶ 챗봇과 상담하기 
https://bit.ly/2VJEion

※ 본 이벤트는 KB스타뱅킹 App(최종 업데이트 버전)의 이벤트 페이지에서 응모가 가능하며, 응모 기회는 1인 1회에 한합니다.
※ 본 이벤트는 KB국민은행으로부터 직접 안내메시지를 수신한 고객님만 경품 지급대상에 해당되며, KB국민은행 고객정보에 등록된 휴대폰번호로 발송되었습니다.
※ 경품은 고객정보상의 휴대폰번호로 발송되오니 등록된 고객정보를 확인해주시기 바랍니다. (연락처 불일치시 수령 불가)
※ 휴대전화 기종에 따른 이벤트 링크 접속 지연 발생 시 고객센터(☎1588-9999) 로 문의 바랍니다.
※ 본 이벤트는 KB국민은행의 사정으로 변경 또는 중단될 수 있습니다.(단, 기 조건 충족고객 및 당첨고객 제외)
※ 금융소비자는 해당 서비스에 대하여 설명받을 권리가 있습니다.
※ 상품(서비스) 가입 전 상품(서비스)설명서 및 약관을 읽어보시기 바랍니다. 
※ 자세한 내용은 고객센터(☎1588-9999)로 문의하시기 바랍니다.

※ 준법감시인 심의필 제 2023-2396-7호(2023.6.23)
유효기간 : 2023.6.23~2023.7.11까지

☎15889999/무료수신거부0808535882","(광고)(광고)[KB국민은행]
[Web발신]
(광고)(광고)[KB국민은행]

고객님, 1개월 동안이나 마이데이터 혜택을 못누리셨네요
나만을 위한 자산관리 컨설팅을 다시 경험 하세요

① 나를 알고 내게 맞는 서비스를 제공하는 
     자산관리서비스

② 소비패턴 분석 진단을 한 더 나은 소비생활 제안
     지출관리 서비스

③ 다양한 실물자산부터 신용관리까지, 더 쉽게 관리하는
     금융플러스 서비스

▶ https://tinyurl.com/yckrmmdu?urlparam=Contactid:P1100640634_100913275A160406943
유의사항 
※계약체결/가입 전 설명서 약관 필독
※금융상품, 서비스에 대해 설명 요청 가능
※자세한 내용 및 유의사항은 KB국민은행 홈페이지(www.kbstar.com)를 참고
 또는 해당 영업점으로 문의 하시기 바랍니다.
무료수신거부 0808535882

☎15889999/무료수신거부0808535882","(광고)[KB국민은행]
[Web발신]
(광고)시크릿 이벤트 도착!
문자를 받으신 이태* 님만 참여가능하세요

내가 모은 스탬프로 응모한 모든 분께
다이슨 공기청정기, 배스킨라빈스,  CU쿠폰까지 꽝 없는 경품을 드립니다!

☞내 스탬프 확인하기: 
https://bit.ly/3zMio6H

■기간: 2023.4.13(목) ~ 4.19(수) 

■참여방법
① 이벤트 페이지 상단 [내 스탬프 확인하기] 를 통해 미션 확인
② 미션 달성 후 활성화된 [경품 신청하기]  버튼 클릭하면 응모 완료!

※ 미션: KB스타뱅킹 KB Pay등록,KB스타뱅킹알림 동의,KB스타뱅킹 입출금알림 동의

■경품: 아래 경품 중 추첨을 통해 지급
1등: 다이슨 공기청정기/ 2등: 배스킨라빈스 더블레귤러 아이스크림/ 
3등: CU 모바일 금액권 1천원권

■ 당첨자 발표: 2023.4.21(금) 
■ 경품지급: 모바일쿠폰 : 2023.4.28(금) 이내/ 실물경품 : 2023.5.19(금) 이내 

▶ 챗봇과 상담하기 
https://bit.ly/2VJEion

※ 본 이벤트는 KB스타뱅킹App(최신 업데이트 버전)의 이벤트 페이지 내에서 1인 1회만 참여가능합니다.
※ 연락처 오류 등의 사유로 경품 수령 불가 시 당첨이 무효처리됩니다.
※ 금융소비자는 금융상품 또는 서비스에 대하여 설명받을 권리가 있습니다.
※ 서비스 가입 전 서비스 설명서 및 약관을 읽어보시기 바랍니다.
※ 자세한 내용 및 유의사항은 이벤트 페이지를 참고 바라며 KB국민은행 고객센터(1588-9999)로 문의바랍니다.
※ 본 이벤트는 KB국민은행의 사정으로 변경되거나 중단될 수 있습니다.

무료 수신 거부 080-853-5882

☎15889999/무료수신거부0808535882"
2023. 8. 7 오후 9:35:45,"[Web발신]
(광고)[하나은행]
김*연님, 오늘 단 하루! 
하나원큐 로그인만 하면 아아 1+1, 총 2잔 드려요 
(전원 증정, 1인 1회 참여 가능)
 
하나원큐는 하나은행의 스마트폰뱅킹 브랜드로,

언제 어디서나 빠르고 안전하고 간편하게
은행 업무를 보실 수 있도록 해드려요!!

◈ 참여 대상 : 본 문자를 하나은행으로부터 수신한 손님
◈ 참여 방법 : 오늘 하나원큐 로그인만 하면 당첨!
◈ 이벤트 기간 : 23.07.28(금), 단 하루!
◈ 이벤트 경품 : 메가MGC커피 ICE 아메리카노 모바일 쿠폰 2매
◈ 쿠폰 적립일 : 2023.08.16(수) 
※ 앱 푸시로 쿠폰 적립 알림 드려요 
※ 쿠폰 확인 : 하나원큐>My하나>쿠폰함

◈ 바로 로그인하러 가기 : https://hanabank.me/3DxvM0x

※ 하나원큐는 하나은행 대표 스마트폰뱅킹 브랜드입니다.
※ 본 이벤트는 은행의 사정에 따라 변경 또는 중단될 수 있으며, 각 이벤트별 혜택은 동일 금액대의 다른 상품으로 변경될 수 있습니다. (단 기조건 충족손님 제외)
※본 이벤트 경품은 교환,환불,환가, 연장 및 재발급이 불가합니다.
※ 쿠폰 사용 관련 유의사항은 발급된 모바일 쿠폰 하단에 명시되어 있습니다.
※ 이벤트 문의 : 하나은행 고객센터(1599-1111)
※ 본 홍보물은 법령 및 내부통제기준에 따른 절차를 거쳐 제공됩니다.
※ 본 홍보물은 2023년 07월 28일까지 유효합니다.
준법감시인 심의필 제2023-광고-04801호(2023.07.12)
무료수신거부 0800901111","[KB국민은행]
[Web발신]
[KB국민은행] KB금융쿠폰팩 이벤트 참여 조건 안내

-본 안내는 「KB금융쿠폰팩으로 금융상품도 할인 받으세요!」 이벤트에 응모하신 고객님을 대상으로 발송되었습니다.-

이태* 고객님! 이벤트에 응모해주셔서 진심으로 감사드립니다.

고객님께서 참여하신 이벤트 조건은 아래와 같습니다.

■내용
KB금융쿠폰팩 받기 완료 후 패키지 미션 달성
미션① KB금융쿠폰 1만원→주택청약종합저축 신규가입&자동이체 
미션② KB금융쿠폰 1만원→적금 또는 적립식펀드 10만원 이상(기간 6개월 이상) 신규가입&자동이체
[보너스] 패키지 미션 모두 완료

4월11일 기준 고객님께서는 [보너스] 조건 미충족으로 확인됩니다.
KB금융쿠폰 유효기간 4.14(금)까지 미션 ①,② 모두 충족 시 추가 경품이 제공되오니 이벤트 페이지 내용을 참조해 주시기 바랍니다.

▶자세히보기
https://tinyurl.com/5aazzx4f

▶챗봇과 상담하기
https://bit.ly/2VJEion

※본 문자는 KB국민은행 고객정보상 휴대폰번호로 발송
※주택청약종합저축은 전 금융기관 1인1계좌 개설가능
※주택청약종합저축은 예금자보호법상 보호상품 아니나 주택도시기금 조성재원으로 정부가 관리
※투자 전 설명 청취 및 간이투자설명서,집합투자규약 필독
※금융투자상품은 예금자보호법상 보호상품 아님
※자산가격 변동 등에 따른 투자원금 손실 발생가능(0~100%) 및 투자자에게 귀속
※증권거래비용 등 추가발생 가능
※예금은 예금자보호법에 따라 원금과 소정이자를 합산해 1인당 5천만원까지 예금자 보호
※상품(서비스) 가입 전 상품(서비스)설명서/약관 필독
※금융소비자는 금융상품 및 서비스에 대해 설명받을 권리가 있음
※본 이벤트는 KB국민은행 사정으로 변경 및 중단될 수 있음
※자세한 내용은 이벤트페이지 참고바라며 고객센터(1588-9999)로 문의","(광고)[KB국민은행]
[Web발신]
(광고) 이태*님! 영어회화 고민 덜어드립니다!
KB가 영어공부 시작을 도와드려요!

■기간: 4.10(월)~4.30(일)
■대상: KB스타뱅킹 로그인한 고객님
■참여방법: 응모 & 취향저격 혜택알림(PUSH)동의하기
■경품: 튜터링 수강권 무료체험권 (주차별 1만명)
 튜터링 수강권 20% 할인쿠폰(전원 지급)

▶이벤트 자세히보기
https://tinyurl.com/4f3y7dmj?urlparam=Contactid:T1100634856_100913275F010206943
▶챗봇과 상담하기
https://bit.ly/2VJEion 

※본 이벤트는 KB스타뱅킹 앱의 이벤트 페이지에서만 응모가능
※쿠폰발송일 기준 KB스타뱅킹 취향저격혜택 미동의 고객님은 지급 대상에서 제외
※본 이벤트 응모 및 튜터링 제휴쿠폰 발급(사용)은 1인 1회만 가능(쿠폰 재발급/ 재사용 불가)
※튜터링 제휴쿠폰은 발급일로부터 7일 이내만 사용 가능하며, 발급된 쿠폰의 유효기간이 경과한 경우 재발급 불가
※본 이벤트는 KB국민은행 혹은 제휴사의 사정에 따라 변경 또는 중단될 수 있으며, 이벤트 경품은 사정상 동일 금액대의 다른 상품으로 변경될 수 있음
※일반금융소비자는 은행이 상품 계약체결을 권유하는 경우 및 일반금융소비자가 설명을 요청하는 경우에도 중요한 사항을 이해할 수 있도록 설명받을 권리가 있음
※상품(서비스) 가입 전 상품(서비스) 설명서 및 약관 필독
※기타 자세한 내용은 KB국민은행 고객센터(☎1588-9999)로 문의하시거나
 KB국민은행 홈페이지(www.kbstar.com )를 참조바람
※튜터링 제휴쿠폰 사용 관련 문의는 튜터링 App > 마이튜터링 > 이용안내 > 고객센터로 문의 바람

※무료수신거부: 080-853-5882

☎15889999/무료수신거부0808535882","(광고)[KB국민은행]
[Web발신]
(광고)[KB국민은행]  
스타뱅킹 길라잡이 안내

KB스타뱅킹에서 
비대면 가능업무 미리 알아보기!
원하는 서비스를 찾으실 수 있도록 
길라잡이가 도와드릴게요

■ 뱅킹서비스 : 증명서 신청/발급신청/오류해제 및 분실신고 등
■ 알림서비스 : 입출금알림/나만의 금융정보 설정 등
■ 생활/편의서비스 : 공과금납부/이체/번호표발행 등
■ 자산관리서비스 : 예적금신규/카드만들기 등
■ 대출/외환서비스 : 대출관리/외화송금 등
■ 오픈뱅킹서비스 : 다른금융계좌등록/잔액모으기 등

▶ 스타뱅킹 길라잡이
https://tinyurl.com/kbguider?urlparam=Contactid:P1100618717_100613275E060106943

▶ 챗봇과 상담하기
https://bit.ly/2VJEion

※ 금융소비자는 해당 상품 또는 서비스에 대하여 설명받을 권리가 있습니다.
※ 서비스 가입 전 반드시 약관 및 상품설명서를 읽어보시기 바랍니다.

※ KB국민은행 고객센터: ☎1588-9999
※ KB국민은행 홈페이지: www.kbstar.com

☎15889999/무료수신거부0808535882"
2023. 8. 8 오전 11:23:28,"[신한은행안내메시지]
[Web발신]
(광고)[신한은행][상품안내]

(슬기로운 금융생활) 
바야흐로 언택트(Un-contact) 시대! 
은행을 왜 가?!
코로나로 지친 요즘… 도움이 되는 필수 
금융서비스 두 가지를 소개합니다.

1) 신한플러스 
금융생활의 편리함! 
직접 방문하지 않고 신한은행, 신한카드. 신한금융투자, 신한생명의 금융서비스를 모두 한번에 이용하세요~

https://m.shinhan.com/?cr=220011291000&hwno=07605315

2) 오픈뱅킹
잠자고 있는 내 돈이 있을까? 
여러 은행을 한번에 이용할 수 있는 오픈뱅킹 서비스 등록하시고,
잔고 확인까지! 
지금 바로 가능합니다~

https://sol.shinhan.com/sms.jsp?scrid=IN07010101001&hwno=07605315 

송금 수수료 면제, 
다양한 할인 쿠폰 이벤트까지!!
위 2가지 서비스 등록하시고 많은 혜택 가져가세요~!

신한은행, 신한금융투자, 신한생명은 예금자보호법상 부보금융기관이며, 신한카드는 
부보금융기관이 아닙니다.
별도의 법적인 계약이 없는한 신한금융그룹 관계사들은 상호채무를 보증하지 않습니다.
기타 자세한 사항은 홈페이지 (www.shinhan.com) 참조 또는 가까운 영업점으로 문의하여 주시기바랍니다.

※ 이 금융상품을 가입(계약)하시기 전에 '금융상품 설명서' 및 '약관'을 반드시 읽어보시기 바랍니다.
※ 이 금융상품을 가입(계약)하시는 경우 금융소비자보호법 제19조 제1항에 따라 상품에 관한 중요한 사항을 설명받으실 수 있습니다.
※ 이 광고는 법령 및 내부통제기준에 따른 관련 절차를 거쳐 제공됩니다.

준법감시인 사전심사필 제2021-11016-1호(2021.05.31~2022.05.31)
/거부(무료)0808508505","[신한은행안내메시지]
[Web발신]
(광고)[신한은행][상품안내]
☆나를 중심으로 돌아가는 자산관리, 머니버스와 함께 시작해요☆

여기에도 내 돈이 있었나? 
곳곳에 숨겨진 자산까지 머니버스에서 한 번에 조회할 수 있어요~

흩어져 있는 내 자산, 한눈에 보는 것부터가 자산관리니까! 

모든게 돈이 되는 세상, 
신한 [머니버스 시작하기] 바로가기
☞https://sol.shinhan.com/sms.jsp?scrid=IN08170000000&hwno=19608454&brno=1778

※금융소비자는 해당 상품 또는 서비스에 대해 설명받을 권리가 있습니다.
※본 서비스에 관한 계약을 체결하기 전에 해당 약관을 반드시 읽어보시기 바랍니다.
※ 이 광고물은 법령 및 내부통제 기준에 따른 관련 절차를 거쳐 제공됩니다.
※ 기타 자세한 문의는 신한은행 고객상담센터 1599-8000 (평일 오전 9시 ~ 오후 6시/주말 및 공휴일 휴무)로 부탁드립니다.
준법감시인 사전심사필 제2021-12924-1호 (2021. 12. 06 ~2022. 12. 06)
/거부(무료)0808508505","(광고)[KB국민은행]
[Web발신]
(광고)[KB국민은행]

한 눈에 쏙!
내 계좌 한눈에 보던 서비스를 3주일이나 못받았어요,
30초만에 재연결 해볼까요?

모든 자산을 한곳에 모으고
나만을 위한 자산관리 컨설팅을 다시 경험하세요!
▶ https://tinyurl.com/yckrmmdu?urlparam=Contactid:P1100599958_100913275A160406943

#KB마이데이터
#다른은행계좌도한눈에

유의사항 
※계약체결/가입 전 설명서 약관 필독
※금융상품, 서비스에 대해 설명 요청 가능
※자세한 내용 및 유의사항은 KB국민은행 홈페이지(www.kbstar.com)를 참고
 또는 해당 영업점으로 문의 하시기 바랍니다.
무료수신거부 0808535882

☎15889999/무료수신거부0808535882",여기까지 data 생성함
,"(광고)[KB국민은행]
[Web발신]
(광고)[KB국민은행]
Oh my gosh! ♬ ♬
에스파와 함께 입장해요!
Gimme Gimme now, ★웰컴기프트★

▶ 리브 Next HIDDEN STAY-Z 이벤트1 자세히 보기
https://bit.ly/3l0m8L2 

■ 이벤트 대상: 리브 Next 회원가입한 고객님!

■ 참여방법
□ 리브 Next 앱 다운로드 및 회원가입하기
□ 이벤트페이지 내 '선물 선택하기' 클릭!

■ 경품
CU 모바일 금액권 2,000원권 또는 카카오 이모티콘 4종(선착순) 中 택 1 ★100%지급★
아이패드 9세대 256G 6명 ★추가추첨★

■ 이벤트 기간
2021.11.22(월) ~ 12.31(금)
 
■ 경품 지급일
2022.1.31(월) 이내
(이벤트 세부 일정은 이벤트 페이지에서 확인하세요.)

▶ 챗봇에게 물어보기
https://bit.ly/2VJEion

※ 본 이벤트는 리브Next 앱(기존 리브 앱 제외)의 이벤트 페이지에서만 응모가 가능하며, 응모는 1인 1회만 가능합니다.
※5만원 초과 경품에 대한 제세공과금 부담주체는 은행부담입니다.
※계약체결/가입 전 설명서 및 약관 필독 
※금융상품, 서비스에 대해 설명 요청 가능
※본 이벤트는 KB국민은행의 사정으로 변경 또는 중단될 수 있습니다.
※ 자세한 이벤트 내용 및 유의사항은 이벤트 페이지(자세히보기 링크)를 참고해주시기 바라며, KB국민은행 고객센터(☎1588-9999) 또는 KB국민은행 홈페이지 (www.kbstar.com)를 통해서 확인 가능합니다.

준법감시인 심의필 제2021-3089-3호(2021.11.16) (유효기간 2022.1.31까지)
무료수신거부 080-853-5882

☎15889999/무료수신거부0808535882","(광고)[KB국민은행]
[Web발신]
(광고)(광고)[KB국민은행] 
「KB스타뱅킹X요기요」 특별제휴 기념 꽝! 없는 럭키박스 이벤트

럭키박스 열기만 하면? 요기요 할인쿠폰 100% 당첨!
선착순 20만명 한정이오니 지금 바로 참여 해보세요~!

■럭키박스 열기 (※최신버전 업데이트 후 참여가능)
https://bit.ly/3mHFnKc

■업데이트하기
안드로이드용 : https://bit.ly/3sQSCfg
iOS용: https://apple.co/348R1Y8

☞참여 경로: KB스타뱅킹>전체메뉴>생활/혜택>혜택>이벤트>진행중이벤트

■이벤트 기간: 2021.12.30(목)~2022.1.26(수)

■이벤트 대상: 새로운 KB스타뱅킹 로그인 고객 누구나

■챗봇과 상담하기
https://bit.ly/2VJEion

※본 이벤트는 KB스타뱅킹(최종 업데이트 버전)의 이벤트 페이지에서만 참여가능
※할인쿠폰은 KB국민은행 고객정보에 등록된 휴대폰번호로 발송 및 재발송 불가
※「KB스타뱅킹X요기요」 이벤트에 참여하기 전 반드시 고객정보상의 연락처를 확인하여 주시기 바람(연락처 불일치시 수령 불가)
※경품 당첨자는 별도 통지 하지 않으며 이벤트 페이지 內 실시간 확인 및 KB스타뱅킹 > 응모/당첨확인에 공지
※본 이벤트는 KB국민은행의 사정으로 변경 또는 중단될 수 있음
※계약체결/가입 전 설명서 및 약관 필독
※금융상품, 서비스에 대해 설명 요청 가능
※자세한 이벤트 내용 및 유의사항은 이벤트 상세페이지를 참고해주시기 바라며, KB국민은행 고객센터(☎1588-9999)를 통해 확인 가능

준법감시인 심의필 제2021-3508-5호(2021.12.28)(유효기간 2022.1.28까지)
무료 수신 거부 080-853-5882

☎15889999/무료수신거부0808535882","(광고)[신한카드, 행사 안내]
[Web발신]
(광고)[신한카드]
박종빈 고객님께만 드리는 
신한플러스 멤버십 5월 특별 프리미어 혜택!
고객님의 멤버십 등급을 
P(프리미어)등급으로 
상향해드립니다

■ 응모만 하고 다음 날 스타벅스 아메리카노 등 프리미어 스탬프 쿠폰을 받아가세요 
- 응모하기 :  https://shcard.io/hiddenBT 
- 응모기간 :  ~23.5.28까지
※ 상기 URL외 아래 경로로도 응모 가능
: 신한플러스 → 이벤트+ → 이벤트 → 특별한 고객님을 위한 특별부스터 이벤트!

■ 프리미어 등급 스탬프 쿠폰 안내
- 쿠폰받기 : shcard.io/STcoupon
- 쿠폰종류 (택1)
  ① 스타벅스 아메리카노
  ② 올리브영 4,000원권
  ③ GS칼텍스&홈플러스 
  4천원 상품권
  ④ 카카오T 4,000 포인트
  ⑤ 이디야커피 플레인크로플
  ⑥ 투썸플레이스 4,000원권
  ⑦ 마이신한포인트 1,500 포인트
- 쿠폰 다운기간 : 응모익일 ~ 5.29일
- 쿠폰 사용기간 : 다운로드 시점 ~ 5.31일

유의사항
1. 특별 부스터 점수는 응모 후 익일 적용되며, 반드시 2023년 5월 28일까지 응모를 완료하셔야 프리미어 등급 스탬프 쿠폰 다운로드가 가능합니다. 
2. 해당 혜택은 LMS를 받으신 고객님께만 제공되며,     반드시 응모하셔야 특별 부스터 점수가 적용됩니다.
3. 부스터 점수가 해제되면 등급도 자동 변경 됩니다. 
이점 유의하시기 바랍니다.

준법감시 심의필 제20230516-Cpc-004호(2023.05.16~2024.05.15) 
* 수신거부 : 080-800-8114 (무료)",
,"(광고)[신한카드, 행사안내] 디스커버 무료구독+포인트 이벤트
[Web발신]
(광고)[신한카드] 박종빈 고객님, 디스커버 무료구독하고 포인트도 받으세요~

아직도 유료로 콘텐츠 보시나요?
디스커버는 구독료가 0원!
매일매일 올라오는 콘텐츠가 모두 무료!

★여기에 포인트 이벤트는 덤★

■ 이벤트안내
  ① 6월 30일까지 놀러가면 100p
  ② 7월 1일부터 7월 31일까지
     또 놀러가면 400p 추가 !

■ 디스커버에는,
핫플레이스, 자기계발, 생활꿀팁이 가득~
구경만 하러 오셔도 포인트를 드려요↓
https://shcard.io/dsc
------------------------------------
*준법감시 심의필 제20230616-Exc-001호(2023.06.16~2024.06.15)
* 이 이벤트는 신한카드의 사정에 따라 사전고지 없이 경품 및 내용 변경 또는 조기 종료될 수 있습니다.
* 이 외 다른 디스커버 이벤트와 중복참여 불가할 수 있으며, 인당 최대 500포인트가 지급됩니다.
* 마이신한 포인트 지급일 : 2023.08.18
* 문의 : 신한카드 고객센터(1544-7000)
* 수신거부 : 080-800-8114(무료)","(광고)[신한카드, 행사 안내]
[Web발신]
(광고)[신한카드]
신한카드 최대 16만원 캐시백
 * 기간: ‘23.6.1~6.30
 * 내용: 
    ◎ Event1. 12만원 캐시백
     - 내용: 기간 내 응모 및 대상카드로 12만원 이상 이용 시 12만원 캐시백
       ※ 1만원 이상 신한pLay 결제 필수
     - 이용기간: ’23.6.1~7.10
     - 7월말 캐시백
    ◎ Event2. 자동납부 최대 4만원 캐시백
     - 대상: Event 1 의 캐시백 대상 중 최근 6개월 이내 자동이체 납부 이력 없는 고객
     - 내용: 대상카드로 전기/도시가스/통신/아파트관리비 자동납부 신청 후, 최초 납부 시 항목당 1만원 캐시백
     - 납부 기간: ‘23.6.1~7.31
     -  8월말 캐시백
 * 대상카드 :  Deep Dream, Mr.Life
 * 이벤트 바로가기 : https://shcard.io/PzewQhe
■ 꼭! 알아두세요
- 내부 사정에 의해 사전 고지 없이 이벤트는 중단/변경 될 수 있습니다. 
- 상세 이벤트 내용은 꼭 이벤트 페이지를 확인하세요.
- 행사 안내 LMS를 받으신 고객님께만 적용
- 당사의 다른 이용 이벤트와 중복 응모 및 변경 불가
- 행사대상카드 연회비(8천원~1.8만원)
- 계약체결 전 카드별 연회비 등 상세사항은 상품설명서,약관 및 홈페이지 참조  
- 금융소비자보호법 제19조 제1항에 따라 해당 금융상품,서비스에 대해 설명받을 권리 있음
- 연체이자율은 '회원별, 이용상품별 약정금리+최대 연3%(최고 연20%)이내' 적용 
- 단,연체 발생 시점 약정금리가 없는 경우,약정금리는 아래와 같이 적용 
- 일시불 거래 연체 시 : 거래 발생 시점의 최소기간(2개월) 유이자 할부 금리
- 무이자 할부 거래 연체 시 : 거래 발생 시점의 동일한 할부 계약기간의 유이자 할부 금리
- 신용카드발급이 부적정한경우(신용평점 낮음, 연체 사유 발생 등) 카드발급이 제한될 수 있음
- 카드이용대금(수수료 포함)은 지정 결제일에 상환하여야 함
- 상환능력 대비 신용카드 이용대금 과도시, 개인신용평점 하락할 수 있음
- 개인신용평점 하락시,금융거래 불이익 발생할 수 있음
- 일정기간 연체시 모든 이용대금 변제 의무 발생할 수 있음
※여신금융협회 심의필 제2023-C1f-06344호(2023.06.15~2024.06.14)
※수신거부 0808008114(무료)","(광고)[한국투자증권]한국투자글로벌신성장
[Web발신]
(광고)[한국투자증권]
박종빈 고객님, 안녕하세요!

세계경제를 주도할 7개 신성장 테마에 분산 투자하고 하위 사모펀드가 일부 손실을 우선 충당해주는 한국투자 글로벌신성장(사모투자재간접형)펀드를 소개합니다.

■ 한국투자 글로벌신성장증권투자신탁(사모투자재간접형)
★ 투자포인트
☞ 글로벌 신성장 테마 7개에 분산투자하고, 테마별 주도기업에 압축투자 
☞ 손익차등형으로 하위 사모펀드가 손실 우선 충당
☞ 목표수익률 달성 시 조기상환(공모펀드 누적기준가 1,200원, 만기 3년)

- 모집청약기간: 23.07.17~08.07
- 설정일: 23.08.08
- 상품위험등급: 판매사 2등급(고위험), 운용사 2등급(높은위험)
- 선취수수료: 납입금액의 0.5% 이내 
- 총보수: 연 0.32%(판매:0.25%, 운용: 0.01%, 기타: 0.06%)
- 신탁계약기간 : 3년 
- 환매방법: 중도 환매 불가 
- 환헤지: 없음. 환노출형으로 환율변동에 따른 환차익/환차손이 기준가에 반영
※ A-e클래스 기준, 피투자펀드보수 별도

▼모집펀드를 확인하세요!!
https://bit.ly/3XugBOP

※투자전 설명청취 및 상품설명서 필독 ※예금자보호법상 보호상품 아님 ※자산가격 변동,환율변동,신용등급하락 등에 따른 원금손실(0~100%)발생가능 및 투자자귀속 ※집합투자증권:(간이)투자설명서·집합투자규약 필독, 증권거래비용 등 추가 발생 가능
※ 클래스별 보수·수수료에 따라 운용실적 상이

※ 한국투자증권 준법감시인 심사필 제2023-06645호
※ 유효기간 : 2023.07.17 ~ 2023.08.07

거부(무료)0802250012",
,"(광고)[한국투자]지금바로 발행어음
[Web발신]
 (광고)[한국투자] ♡ 발행어음 가입혜택 ♡

▣ 이벤트 기간 : 4.10 ~ 5.31

▣ 이벤트 상품 : 발행어음 약정 181일물 이상

▣ 이벤트 내용

- 신세계상품권 1만원 (1천만원 이상 순매수시 전부 지급)

- 가입금액의 0.1% 캐시백 최대 100만원 (1억원이상 순매수시, 100명 추첨지급)

☞ https://bit.ly/418rsib
(당사 온라인 매체를 통해 가입한 상품에 한해 적용, 이벤트 신청 필수)

※투자전 설명청취 및 상품설명서ㆍ약관 필독 ※예금자보호법상 보호상품 아님 ※시장금리 상황 등에 따라 수익률 변동 가능 ※발행사 한국투자증권(AA, 23.3.29, 한국신용평가)의 신용위험에 따른 원금손실가능 (AAA/AA.A.BBB각 +,0,-순으로 투자적격등급 구분) ※중도해지시 보유기간에 따라 낮은 수익율 적용(2023.1.2기준, 보유기간 1~90일-매수시점 고시수익율*20%, 91~180일-매수시점 고시수익율*30%, 181~270일-매수시점 고시수익율*50%, 271~364일-매수시점고시수익율*70%)※적립식 발행어음에 대한 자세한 사항은 홈페이지를 참고하여 주시기 바랍니다.

※ 한국투자증권 준법감시인 심사필 제2023-03452호
※ 유효기간 : 2023.04.11 ~ 2023.05.31

거부(무료)0802250012","(광고)[한국투자]모의투자대회 신청
[Web발신]
(광고)[한국투자]★7회 대학생 모의투자대회 개최 안내★

박종빈고객님 안녕하세요~

참가신청한 고객 모두에게 '명랑핫도그' 쿠폰 증정합니다. 많은 혜택이 주어지니 많은 참가 부탁드려요.

▼7회 모의투자대회신청하고 투자금 1억받기

https://m.truefriend.com/mobile/customer/Notice.jsp?cmd=M_MO_50650&isOpen=true&num=1049

▼대회 참여 시 드리는 경품 안내
 - 참가신청 : 명랑핫도그
 - 1회이상 매매 : 요기요 5만원
 - 출첵스템프 : 애플워치SE
 - 동문 다수 참석 : 스타벅스디저트세트
 - 첫 계좌개설 : 스타벅스아메리카노 모바일 쿠폰



※투자전 설명청취 및 상품설명서 필독※예금자보호법상 보호상품 아님
※자산가격 변동,환율변동,신용등급하락 등에 따른 원금손실(0~100%)발생가능 및 투자자귀속
※집합투자증권:(간이)투자설명서·집합투자규약 필독, 증권거래비용 등 추가 발생 가능
※채권:발행사 신용위험(부도, 파산 등)에 따른 원금손실 가능, 청약의 권유는 (예비,간이)투자설명서에 따름
※투자적격신용등급:채권의 경우 AAA및AA,A,BBB(각+,0,-)순, CP의 경우 A1및A2,A3(각각 +,0,-)순으로 구분

※ 한국투자증권 준법감시인 심사필 제2023-02776호
※ 유효기간 : 2023.03.21 ~ 2023.05.14

한국투자증권
거부(무료)0802250012","(광고)[한국투자]유튜브 세미나 신청하기
[Web발신]
(광고)[한국투자]※유튜브 세미나 신청하시고 스탁벅스커피쿠폰, 영화예매권, 에어팟프로, 에어팟MAX 받아가세요!방송시간에 들어오시면 추가 상품이 쏟아집니다.

▶ 방송일자 : 3.16(목)4:30~
▶ 유튜브 방송보기 신청하기!!
https://m.truefriend.com/mobile/customer/Notice.jsp?cmd=M_MO_50650&isOpen=true&num=1045
*잠깐 깜박할까 걱정된다면 매일 4:25분에 알림을 받아보세요!
 

※자세한 내용은 홈페이지& App에서 확인하세요.



※투자전 설명청취 및 상품설명서 필독
※예금자보호법상 보호상품 아님
※자산가격 변동,환율변동,신용등급하락 등에 따른 원금손실(0~100%)발생가능 및 투자자귀속
※집합투자증권:(간이)투자설명서·집합투자규약 필독, 증권거래비용 등 추가 발생 가능
※채권:발행사 신용위험(부도, 파산 등)에 따른 원금손실 가능, 청약의 권유는 (예비,간이)투자설명서에 따름
※투자적격신용등급:채권의 경우 AAA및AA,A,BBB(각+,0,-)순, CP의 경우 A1및A2,A3(각각 +,0,-)순으로 구분 ※영업점계좌, 해외투자영업부 계좌 제외

※ 한국투자증권 준법감시인 심사필 제2023-02494호
※ 유효기간 : 2023.03.14 ~ 2023.03.16

한국투자증권
거부(무료)0802250012",
,"(광고)100% 증정 놓치지마세요!
(광고)[KB국민카드] 
D-2! 지금 바로 글로 간편 회원가입하고,스타벅스 커피쿠폰과 5천원 캐시백까지 모두 받아가세요!

▶100% 혜택 받기
https://m.kbcard.com/BON/DVIEW/MBBMCXHIAWEC0053?id=cn7000622754sn11064375068

■ [혜택1] 글로 회원  가입 시 스타벅스 커피쿠폰100% 증정
- 인증 코드: KB3Q79CI
- 기간: 2023.7.30(일)까지(종료 2일전)
- 경품 발송일: 2023.8.14(개별 문자 발송)

▶ 초간단 참여 방법
1) 상단의 인증 코드를 복사
2) 링크 클릭 후 인증 코드 붙여 넣고 간편가입 하면 완료!

■ [혜택2] 글로 하이퍼 X2 50% 할인 + 캐시백
- 신규 가입 후 KB국민카드로  글로 하이퍼 X2 구매 시, 5천원 캐시백
- 이벤트 기간: ~ 2023.8.6(소진 시 종료)
- 캐시백 지급일: 2023.8.31 이내 본인 결제계좌로 입금

■꼭 알아두세요
-  만 19세 이상 성인만 참여 가능
- 글로 회원가입 이력이 없는 문자수신고객 대상으로 진행.
- 발송된 인증 코드는 중복 사용 불가, 타인에 공유 시 사용 불가
- 캐시백은  [혜택1]의 인증 코드로 가입한 고객을 대상으로만 진행됨
- 캐시백은1인 1회만 지급되며, 캐시백 제공 이전 결제 취소 및 카드 탈회 시 지급 제외됨

계약 체결 전 상품설명서와 약관을 확인하시기 바랍니다
상환능력에 비해 신용카드 사용액이 과도할 경우, 귀하의 개인신용평점이 하락할 수 있습니다.
개인신용평점 하락 시 금융거래 관련 불이익이 발생할 수 있습니다.
일정기간 원리금 연체 시, 모든 원리금 변제 의무가 발생할 수 있습니다.
신용카드 발급이 부적정한 경우(개인신용평점 낮음, 연체금 보유 등) 카드발급이 제한될 수 있습니다.
카드이용대금과 수반되는 모든 수수료를 지정된 대금 결제일에 상환합니다.
금융소비자는 해당상품 또는 서비스에 대하여 설명을 받을 권리가 있으며, 그 내용을 충분히 이해한 후 거래하시기 바랍니다.
※ 본 문자메시지는 KB국민카드 광고성 정보 수신 동의하신 고객님께 발송되었습니다.(동의 여부는 전 영업일자 기준)

■[문의]
글로 케어 센터: 080-787-0910

※ 본 행사는 KB국민카드의 영업정책 및 제휴업체의 사정으로 변경 또는 중단될 수 있습니다.

※ 준법감시인 심의필
230712-02563-LMS(2023.07.12)
※ 무료수신거부 ☎080-850-1688","(광고)스벅 쿠폰과 5천원 캐시백!
(광고)[KB국민카드] 
스타벅스 커피쿠폰 + 5천원 캐시백까지!
5초 만에 글로 간편 회원 가입하고, 다양한 혜택 받아가세요!

▶100% 혜택 받기:
https://m.kbcard.com/BON/DVIEW/MBBMCXHIAWEC0053?id=cn7000622384sn11064374698

■ [혜택1] 글로 회원  가입 시 스타벅스 커피쿠폰100% 증정
- 인증 코드: KB3Q79CI
- 기간: 2023.7.17 ~ 7.30
- 경품 발송일: 2023.8.14(개별 문자 발송)

▶ 초간단 참여 방법
1) 상단의 인증 코드를 복사
2) 링크 클릭 후 인증 코드 붙여 넣고 간편가입 하면 완료!

■ [혜택2] 글로 하이퍼 X2 50% 할인 + 캐시백
- 신규 가입 후 KB국민카드로  글로 하이퍼 X2 구매 시, 5천원 캐시백
- 이벤트 기간: ~ 2023.8.6(소진 시 종료)
- 캐시백 지급일: 2023.8.31 이내 본인 결제계좌로 입금

■꼭 알아두세요
-  만 19세 이상 성인만 참여 가능
- 글로 회원가입 이력이 없는 문자수신고객 대상으로 진행.
- 발송된 인증 코드는 중복 사용 불가, 타인에 공유 시 사용 불가
- 캐시백은  [혜택1]의 인증 코드로 가입한 고객을 대상으로만 진행됨
- 캐시백은1인 1회만 지급되며, 캐시백 제공 이전 결제 취소 및 카드 탈회 시 지급 제외됨

계약 체결 전 상품설명서와 약관을 확인하시기 바랍니다
상환능력에 비해 신용카드 사용액이 과도할 경우, 귀하의 개인신용평점이 하락할 수 있습니다.
개인신용평점 하락 시 금융거래 관련 불이익이 발생할 수 있습니다.
일정기간 원리금 연체 시, 모든 원리금 변제 의무가 발생할 수 있습니다.
신용카드 발급이 부적정한 경우(개인신용평점 낮음, 연체금 보유 등) 카드발급이 제한될 수 있습니다.
카드이용대금과 수반되는 모든 수수료를 지정된 대금 결제일에 상환합니다.
금융소비자는 해당상품 또는 서비스에 대하여 설명을 받을 권리가 있으며, 그 내용을 충분히 이해한 후 거래하시기 바랍니다.
※ 본 문자메시지는 KB국민카드 광고성 정보 수신 동의하신 고객님께 발송되었습니다.(동의 여부는 전 영업일자 기준)

■[문의]
글로 케어 센터: 080-787-0910

※ 본 행사는 KB국민카드의 영업정책 및 제휴업체의 사정으로 변경 또는 중단될 수 있습니다.

※ 준법감시인 심의필
230706-02501-LMS(2023.07.06)
※ 무료수신거부 ☎080-850-1688","(광고)최대10만원 지금 응모하세요!
(광고)[KB국민카드]
나라사랑카드로 KB Pay 쓰고 응모하면 최대 10만원 캐시백!

■ 혜택1
응모하고 KB국민 나라사랑카드로 KB Pay 10만원 이상 이용한 고객님께, 이용금액구간별로 총 11,100명을 추첨하여 캐시백 지급

- 대상: KB국민 나라사랑카드(체크) 회원

- 기간: 2023.6.1(목)~6.30(금)

▶10만원이상 20만원미만: 1만원(총 7천명) 
▶20만원이상 40만원미만: 2만원(총 3천명)
▶40만원이상 50만원미만: 4만원(총 1천명)
▶50만원이상: 10만원(총 1백명)

▶응모 바로가기 : https://m.kbcard.com/e/280213

▶KB Pay 설치 바로가기 : http://e.kbcard.com/gbd0009
 
- 당첨 확인
2023.7.31(월)이내 KB국민카드 홈페이지 및 KB Pay앱에서 확인 가능

- 혜택 제공
2023.7.31(월)이내 본인 체크카드결제계좌로 입금 예정

■혜택 2 
무신사에서 KB Pay로 최초 1만원이상 결제 시 5천원 캐시백
- 기간: 2023.6.1(목) ~ 6.30(금)
- 대상: 2022년 1월 1일 이후 KB Pay 결제 이력이 없는 고객

▶이벤트 바로가기: 
https://m.kbcard.com/z/p5773

- 혜택 제공
2023.7.31(월)이내 본인 체크카드결제계좌로 입금 예정

■ 꼭 알아두세요 
- 혜택 1,2는 중복 적용 가능 
- 혜택 1은 응모 필수
- 혜택1의 행사기간내 나라사랑카드 KB Pay 이용금액은 2023.7.7(금)까지 매입완료된 이용금액에 한하며, 승인(매입)취소건은 제외 
- 혜택 제공 이전 결제 취소 , 카드 해지 및 KB Pay 회원 탈회 시 혜택 제공 제외

※ 본 문자메시지는 KB국민카드 광고성 정보 수신에 동의하신 고객님께 발송되었습니다.(전 영업일자 기준)

■ 문의: KB국민카드 고객센터(☎1588-1688)

※ 본 행사는 KB국민카드의 영업정책 및 제휴업체의 사정으로 변경 또는 중단될 수 있습니다.

※ 준법감시인 심의필
     230526-01904-LMS(2023.05.26)
=======================
KB국민카드를 KB Pay에 담다.
KB Pay를 설치하고 매일매일 혜택을!
https://e.kbcard.com/KB페이소개LMS 
=======================
※ 무료수신거부 ☎080-850-1688",
,"(광고)설문 참여 시  CU상품권!
(광고)[KB국민카드]
선물 드리고 싶어서 진행하는 
설문조사 이벤트! 

■ 혜택
- CU 모바일상품권 1천원 100% 지급 (설문완료고객)

☞설문 참여하기
http://app.surveymob.co.kr/gate.mob?s=qfABDLAM&site=KCARD&id=cn7000619189sn11064371503 
(약 5분 소요,1인 1회 한정)

■ 이렇게 참여하세요
하나,설문 참여하기 버튼 클릭!
둘,설문응답 완료하면 CU 모바일상품권 1천원 100% 지급!

■ 기간: 2023.5.19(금)~5.22(월)

■ 대상: 기간 중 위의 링크를 통해 설문응답을 완료한 KB국민카드 고객
        
■ 혜택 제공
 - CU 모바일상품권 1천원: 2023.5.30(화) 이내 지급

■꼭 알아두세요
- 타인에게 링크 공유할 경우 혜택 제공되지 않음
- 설문 참여는 설문 응답 조건에 따라 제한될 수 있음
- 선착순으로 진행되는 조사로 조건에 따라 일부 조기 종료될 수 있음 
- 모바일 상품권 지급 전 카드 탈회 시 지급 제외됨

※ 본 문자메시지는 KB국민카드 광고성 정보 수신 동의하신 고객님께발송되었습니다. (동의여부는 전 영업일자 기준)

■문의
- 한국여론평판연구소(KOPRA)
 (☎ 02-780-7718)

※본 행사는 KB국민카드의 영업정책 및 제휴업체의 사정으로 변경 또는 중단될 수 있습니다. 

※ 준법감시인 심의필
230515-01679-LMS(2023.05.15)
※ 무료수신거부 ☎080-850-1688","신용대출 이지론플러스 금리 할인!!
(광고)[KB국민카드] 간편한 신청, 중도상환수수료 없는 이지론플러스 금리할인!!   

■ 최*창님께 드리는 혜택: 
 - 가능   금액 : 240만원 
 - 할인전금리 : 연 18.90%
 - 할인후금리 : 연 18.60%
 - 적용 기간 :2023.3.3 (금) ~ 4.3 (월)

■ 신청방법
1. KB PAY 앱 
https://m.kbcard.com/app/FNC/DVIEW/MFAMCXHIAFLCD0061
2. 모바일 홈페이지  
 https://m.kbcard.com/FNC/DVIEW/MFAMCXHIAFLCD0061
3. KB국민은행 자동화기기 
4. 금융서비스센터 ☎1588-2788 / 고객센터 ☎1588-1688  

※ 신청가능시간 01:00 ~ 23:00

■ 꼭 알아두세요 
- 대출가능여부 및 대출가능금액은 2023년 2월 28일 기준이며 신청 당시 개인신용평점과 회사정책에 따라 변동될 수 있음
- 대출취급이 부적정한 경우(개인신용평점 낮음, 연체사유 발생 등) 대출이 제한 될 수 있음
- 취급수수료 및 중도상환수수료 없음
- 신청 전 상품설명서와 약관을 반드시 확인 필수
- 이지론플러스 금리: 연 5.9%~19.9% 
 (개인신용평점 등에 따라 차등 적용)
- 연체이자율: ""정상이자율+연체가산이자율(3%p)""로 법정 최고금리 (연20%) 이내에서 적용
- 이자 납입일에 이자를 납입하여야 함
- 대출상환방법: 원(리)금균등상환
- 상환능력에 비해 대출금이 과도할 경우, 귀하의 개인신용평점이 하락할 수 있음
- 개인신용평점 하락 시 금융거래와 관련된 불이익이 발생할 수 있음
- 일정기간 원리금을 연체할 경우, 모든 원리금을 변제할 의무가 발생할 수 있음
- 금융소비자는 해당 상품 또는 서비스에 대하여 설명을 받을 권리가 있으며, 그 설명을 듣고 내용을 충분히 이해한 후 거래하시기 바랍니다.

■ 문의 :KB국민카드 고객센터 (☎1588-1688) 

※본 행사는 KB국민카드의 영업정책에 따라 변경 또는 중단 될 수 있습니다.
※본 안내 메세지는 KB국민카드 광고성 정보 수신 동의하신 고객님께 발송되었습니다.
(동의 여부는 전 영업일자 기준으로 발송 시점과 다를 수 있으니 양해를 부탁드립니다)
※ 여신금융협회 심의필 제 2022-L1f - 10699호 (2022.12.02 ~ 2023.12.01)
※ 무료수신거부 ☎080-850-1688","신용대출 이지론플러스 금리할인 안내!
(광고)[KB국민카드] 신용대출 이지론플러스 금리할인!

""간편한 신청, 중도상환수수료 NO!""

■ 최*창님께 드리는 혜택:
- 가능 금액: 210만원
- 적용 금리: 연 19.60%
- 적용 기간: 2023.2.1 (수) 까지

■ 신청방법
1. KB PAY 앱 
https://m.kbcard.com/app/FNC/DVIEW/MFAMCXHIAFLCD0061
2. 모바일 홈페이지  
 https://m.kbcard.com/FNC/DVIEW/MFAMCXHIAFLCD0061
3. KB국민은행 자동화기기 
4. 금융서비스센터 ☎1588-2788 / 고객센터 ☎1588-1688  

※ 신청가능시간 01:00 ~ 23:00

■ 꼭 알아두세요 
- 대출가능여부 및 대출가능금액은 2023년 1월 2일 기준이며 신청 당시 개인신용평점과 회사정책에 따라 변동될 수 있음
- 대출취급이 부적정한 경우(개인신용평점 낮음, 연체사유 발생 등) 대출이 제한 될 수 있음
- 취급수수료 및 중도상환수수료 없음
- 신청 전 상품설명서와 약관을 반드시 확인 필수
- 이지론플러스 금리: 연 5.9%~19.9% 
 (개인신용평점 등에 따라 차등 적용)
- 연체이자율: ""정상이자율+연체가산이자율(3%p)""로 법정 최고금리 (연20%) 이내에서 적용
- 이자 납입일에 이자를 납입하여야 함
- 대출상환방법: 원(리)금균등상환
- 상환능력에 비해 대출금이 과도할 경우, 귀하의 개인신용평점이 하락할 수 있음
- 개인신용평점 하락 시 금융거래와 관련된 불이익이 발생할 수 있음
- 일정기간 원리금을 연체할 경우, 모든 원리금을 변제할 의무가 발생할 수 있음
- 금융소비자는 해당 상품 또는 서비스에 대하여 설명을 받을 권리가 있으며, 그 설명을 듣고 내용을 충분히 이해한 후 거래하시기 바랍니다.

■ 문의 :KB국민카드 고객센터 (☎1588-1688) 

※본 행사는 KB국민카드의 영업정책에 따라 변경 또는 중단 될 수 있습니다.
※본 안내 메세지는 KB국민카드 광고성 정보 수신 동의하신 고객님께 발송되었습니다.
(동의 여부는 전 영업일자 기준으로 발송 시점과 다를 수 있으니 양해를 부탁드립니다)
※ 여신금융협회 심의필 제 2022-L1f - 10699호 (2022.12.02 ~ 2023.12.01)
※ 무료수신거부 ☎080-850-1688",
,"나라사랑 청년들을 위한 청춘몰 할인!
(광고)[KB국민카드]

바르닭/ 익스트림/ 하빈져 청춘몰 최대 67%할인

① 닭가슴살의 정답 바르닭 패키지 49,900원(정가 129,000원)

② 김종국의 익스트림 쿠폰할인 최대 67%할인!

③ 하빈져 단독 할인 최대 46%할인!

④ 쉬운 토익 공식! 에듀윌 토익!
쉬토공 평생 패스청춘몰 입점기념 
단독 40%할인! 

☞ 청춘몰 2022 AWARDS
https://me2.kr/EADGF

☞ 쉬운토익공부 에듀윌 40%
https://me2.kr/hjLnq

☞ 나라사랑 청춘몰 바로 가기
https://me2.kr/HLkaJ

■ 기간: 2022.12.1(목) ~12.20(화)
■ 대상: KB국민 나라사랑 체크카드 회원
■ 꼭 알아두세요
- KB나라사랑카드로 결제 시에만 적용되는 가격입니다.(그 외 결제방법으로 구매 시 혜택을 받을 수 없습니다.)
- 바르닭, 하빈져 상품은 신규회원 전용 쿠폰을 적용하여 구매가 불가합니다.
- 익스트림 상품은 쿠폰적용 후 구매해야 할인가가 적용됩니다.
- 행사관련 내용은 제휴업체 청춘몰의 정책에 따릅니다.

※ 본 문자메시지는 KB국민카드 광고성 정보 수신 동의하신 고객님께 발송되었습니다.(동의 여부는 전 영업일자 기준)

■ 문의: KB국민카드 고객센터(☎1588-1688), 청춘몰 고객센터(1661-5721)

※ 본 행사는 KB국민카드의 영업정책 및 제휴업체의 사정으로 변경 또는 중단될 수 있습니다.
- 준법감시인 심의필 221129-03885-LMS(2022.11.29)
----------------------------------
세상 편리한 결제 KB Pay 앱 설치
https://url.kr/zho1fd
생활편의업종 무이자할부
https://m.kbcard.com/e/277795
----------------------------------
※ 무료수신거부 ☎080-850-1688","가입만 해도 신세계상품권 증정!
(광고)[KB국민카드] 

최*창님께서
KB Pay 신규가입만 하셔도!

신세계상품권(이마트)
5천원 쿠폰 드려요~

▶ KB Pay 설치 바로가기
- https://url.kr/zho1fd 

■ 혜택 
- 본 메시지 수신 후 기간 내 KB Pay 신규가입 시 신세계상품권(이마트) 5천원 쿠폰 증정

■ 기간
2022.11.21(월) ~ 11.30(수)

■ 대상
- 본 메시지 수신 KB국민카드 회원(KB국민 기업, 비씨, 선불, 가족카드 제외)

■ 혜택 제공
- 2022.12.9(금) 이내 KB Pay에 등록된 휴대폰번호로 모바일 쿠폰 전송

■ 꼭 알아두세요
- 응모 불필요
- 본 메시지 수신 고객에 한해 혜택 제공
- KB Pay 다른 신규등록 이벤트와 중복 적용 불가
- 혜택제공 이전 카드 해지 및 KB Pay 탈회 시 대상에서 제외

※ 본 문자메시지는 KB국민카드 광고성 정보 수신에 동의하신 고객님께 발송되었습니다.(전 영업일자 기준)

■ 문의
- KB국민카드 고객센터(☎1588-1688)

■ KB Pay 설치
- https://url.kr/zho1fd

한번에, 한손에, 한눈에 KB Pay
언제 어디서나 간편하게 결제하고, 쓸 때마다 받는 혜택을 경험하세요.

※ 본 행사는 KB국민카드의 영업정책 및 제휴업체의 사정으로 변경 또는 중단될 수 있습니다.

※ 준법감시인 심의필 221115-03731-LMS(2022.11.15)

====================
KB Pay 응모하고 사용하면 
월 최대 1만원 추가적립!
https://url.kr/mra12j
====================
※ 무료수신거부 ☎080-850-1688","100% 당첨 KB Pay 머니쿠폰!
(광고)[KB국민카드] 최*창 고객님~ 축하합니다! 

고객님께서는 5,000원 KB Pay머니 쿠폰에 당첨되셨습니다.

KB Pay에 지금 바로 접속하고, ""머니 쿠폰 받기""를 누르시면 즉시 입금되어 현금처럼 사용하실 수 있습니다.

■ KB Pay 5,000원 적립쿠폰 받기!
1) KB Pay 설치 및 쿠폰 받기 : https://webpay.kbcard.com/kbMoney.jsp 
2) ""머니 쿠폰 받기"" 누르기
3) 충전금액은 KB Pay 홈 메뉴 > KB Pay머니 화면 또는 타임라인에서 확인

※ KB Pay머니 쿠폰은 KB Pay App 알림함에서 확인 가능
→ KB Pay 알림함 : KB Pay App 하단의 더보기 > 우측 상단 종모양 클릭 시 확인 가능

※ 쿠폰 다운로드 에러 시, KB Pay 최신버전으로 업데이트 필요

▶ 등록 기한 : 2022-09-30(금)
※ 등록 유효기간이 만료된 쿠폰의 기한연장 재발송은 불가

■ KB Pay머니란?
KB Pay머니는 KB Pay App에서 현금처럼 쓸 수 있어요. 송금 및 충전이 가능하고 자동으로 결제수단 등록이 되어 KB Pay 결제 방식을 이용하여 결제할 수 있습니다.

특별한 혜택 놓치지 마시고, 서둘러 등록해주세요!

※ 본 메시지는 KB국민카드 광고성 정보 수신에 동의하신 고객님께 발송되었습니다. (전영업일자 기준)

■ 문의 : KB국민카드 고객센터(☎1588-1688)
※ 본 행사는 KB국민카드의 영업정책 및 제휴업체의 사정으로 변경 또는 중단될 수 있습니다.

※ 준법감시인 심의필
     220831-02927-LMS (2022.08.31)


----------------------------------
세상 편리한 결제 KB Pay 앱 설치
https://url.kr/zho1fd
생활편의업종 무이자할부
https://m.kbcard.com/e/277795
----------------------------------
※ 무료수신거부 ☎080-850-1688",
,"100% 증정 설빙쿠폰 당첨!
(광고)[KB국민카드] 
KB Pay 신규가입하고, 인절미설빙 쿠폰 받으세요!

■ 제공 혜택 
행사기간 내 KB Pay 신규가입 시 인절미설빙 쿠폰 증정!

■ 대상 : 본 메시지 수신 KB국민카드 회원(KB국민 기업, 비씨, 선불, 가족카드 제외)

■ 행사 기간 : 2022.7.21(목) ~ 7.31(일)

■ 혜택 제공
2022.8.26(금) 이내 당사에 등록된 휴대폰 번호로 전송

■ 꼭 알아두세요!
- 응모 불필요
- 본 메시지 수신 고객에 한해 혜택 제공
- KB Pay 다른 신규등록 이벤트와 중복적용 불가
- 혜택제공 이전 카드 해지 및 KB Pay 탈회 시 대상에서 제외

■ KB Pay 소개
다양한 결제 수단을 등록하여 하나의 App으로 국내/해외 어디서나 쉽고 편리하게 결제할 수 있는 모바일 서비스

▶ KB Pay 설치 바로가기 : https://url.kr/zho1fd

※ 본 문자메시지는 KB국민카드 광고성 정보 수신에 동의하신 고객님께 발송되었습니다. (전 영업일자 기준)

■ 문의 
KB국민카드 고객센터(☎1588-1688)

※ 본 행사는 KB국민카드의 영업정책 및 제휴업체의 사정으로 변경 또는 중단될 수 있습니다.

※ 준법감시인 심의필
220719-02314-LMS(2022.07.19)
※ 무료수신거부 ☎080-850-1688","KB Pay 생애 첫 결제라면?!
(광고)[KB국민카드] KB Pay 생애 첫 결제라면?!
5천원 배민1쿠폰 GET! 

■ 기간: 2022.6.27(월)~7.3(일)

■ 혜택
- 배달의민족에서 KB Pay 생애 최초 건당 1만원 이상 결제 시, [배민1] 5천원 쿠폰 지급
- 쿠폰 지급 : 2022.7.15(금) 이내 배달의민족 [My배민][쿠폰함]으로 혜택 제공

■ 대상: 2021년 1월 1일 이후 KB Pay 이용 이력이 없는 고객 (배달의민족을 포함한 전 가맹점 기준)

■ 꼭 알아두세요
- KB Pay 회원 기준 1회 혜택 제공
- ISP, 네이버페이 등 간편결제 결제 시 혜택 제공 불가
- KB국민 기업, BC카드 결제 건 제외
- 혜택 제공 전 결제 취소 또는 카드 및 KB Pay 탈회 시 혜택 제공 불가
 (단, 결제 부분 취소 시 최종 카드 결제금액 기준으로 혜택 제공)
- KB Pay 이용 및 행사 문의 안내 : KB국민카드 고객센터 (1588-1688, 09:00~18:00)

▶KB Pay 설치 바로가기: https://url.kr/zho1fd

※ 본 문자메시지는 KB국민카드 광고성 정보 수신 동의하신 고객님께 발송되었습니다.(동의 여부는 전 영업일자 기준으로 발송 시점과 다를 수 있으니 양해를 부탁드립니다.)

■ 문의
KB국민카드 고객센터 (☎1588-1688)

※ 본 행사는 KB국민카드의 영업정책 및 제휴업체의 사정으로 변경 또는 중단될 수 있습니다.

※ 준법감시인 심의필 220622-01931-PUH (2022.06.22)


---------------------------------------
세상 편리한 결제 KB Pay 앱 설치
https://url.kr/zho1fd
꽝없는 즉석 뽑기!
https://bit.ly/luckydraw2207
---------------------------------------
※ 무료수신거부 ☎080-850-1688","시작해봐 너의 KB Pay 생활을
(광고)[KB국민카드]
KB Pay 신규 & 응모 시 5천 포인트리 적립

▶응모 바로가기: https://webpay.kbcard.com/kbpay.jsp?eventID=406

■ 혜택 
행사기간 내 KB Pay 신규 가입 &응모 시 5천포인트리 적립

■ 기간: 2022.6.8(수) ~ 6.30(목)

■ 대상: 본 메시지 수신 KB국민카드 회원

■ 혜택제공
2022.7.15(금) 이내 적립 예정 

■ 꼭 알아두세요
- 응모 필수 (KB Pay앱을 통해서만 가능)
- 순서 관계 없이 기간내 가입&응모 완료 조건 
- KB Pay 다른 신규등록 이벤트와 중복 불가
- 혜택제공 이전 카드 해지 및 KB Pay 탈회 시 대상에서 제외

■ KB Pay 소개 
다양한 결제 수단을 등록하여 하나의 앱으로 국내/해외 어디서나 쉽고 편리하게 결제할 수 있는 모바일 서비스

※ 본 문자메시지는 KB국민카드 광고성 정보 수신 동의하신 고객님께 발송되었습니다.(전 영업일자 기준)

■ 문의
KB국민카드 고객센터 (☎1588-1688)

※ 본 행사는 KB국민카드의 영업정책 및 제휴업체의 사정으로 변경 또는 중단될 수 있습니다.

※ 준법감시인 심의필
     220531-01653-LMS (2022.05.31)

세상 편리한 결제 KB Pay 앱 설치
https://url.kr/zho1fd
※ 무료수신거부 ☎080-850-1688",
,"에어팟 프로 55%할인 행사
(광고)[KB국민카드]
나라사랑 회원 에어팟 프로 55% 단독 할인

KB나라사랑 제휴 청춘몰 특별행사!
행사① 에어팟 프로 나라사랑카드 단독 55% (329,000 -> 150,000원) 
- 청춘몰 단독 에어팟 프로 나라사랑카드 사용자 전용 이벤트 참여 후 100명 한정 추첨을 통하여
329,000원 -> 150,000원 (무료배송) 구매 링크 전송 
**1인 1회 참여 가능

☞ 에어팟 3세대 55%할인 이벤트 
https://me2.kr/akk3x

■ 기간 : 2022.5.31~6.7 
■ 대상 : KB국민 나라사랑 체크카드 회원
■ 발표 : 06월 09일 (목) 당첨자 개별 카카오톡 및 문자 안내 
 
행사② 남양유업 테이크 핏 100원! (정가 26,900원)
-남양 청춘몰 단독 이벤트 진행 후 <건강기능식품 단백질 쉐이크 테이크핏>을 100원에 제공!

행사③ 정관장 직영몰 재 입점기념 단독 할인 
-정관장의 우수상품군만 따로 모았다! 청춘몰 단독 기획상품 최대 

■ 기간 : 2022.5.31~6.31 
■ 대상 : KB국민 나라사랑 체크카드 회원


☞ 단백질 쉐이크 100원 이벤트 바로가기
https://me2.kr/w0v8j
☞ 정관장 직영몰 바로가기
https://me2.kr/zpiv6
☞ 나라사랑 청춘몰 바로 가기
https://me2.kr/bfzez


■ 꼭 알아두세요
- 타 행사 및 카드 서비스 혜택과 중복 적용 가능
- 행사기간 중 1인 1회만 참여가능
- 기타 행사관련 내용은 제휴업체 청춘몰의 정책에 따름
※ 본 문자메시지는 KB국민카드 광고성 정보 수신 동의하신 고객님께 발송되었습니다.(동의 여부는 전 영업일자 기준으로 발송 시점과 다를 수 있으니 양해를 부탁드립니다.)

■ 문의: KB국민카드 고객센터(☎1588-1688), 청춘몰 고객센터(1661-5721)
※ 보이는 ARS ☞ https://m.kbcard.com/i/CXHIAOPC0011

※ 본 행사는 KB국민카드의 영업정책 및 제휴업체의 사정으로 변경 또는 중단될 수 있습니다.
- 준법감시인 심의필 220504-01330-LMS (2022.05.04~2022.10.03)
※ 무료수신거부 ☎080-850-1688","나라사랑카드 진에어 최대 1만원 할인
(광고)[KB국민카드]
진에어 X KB국민 나라사랑 체크 할인 

■ 기간 중 KB국민 나라사랑 체크카드로 진에어 항공권 결제 시 최대 1만원 할인 

1. 김포~사천 : 5만원 이상 결제 시 1만원 할인 

2. 이외 국내선 전노선: 5만원 이상 결제 시 5천원 할인	

이벤트 자세히 보기 ☞https://www.jinair.com/promotion/eventView?evntSeq=11459
■ 기간: 2022.5.30(월)~6.30(목)
■ 대상: KB국민나라사랑 체크카드 회원

■ 꼭 알아두세요!
- 진에어 홈페이지/모바일 앱/웹에서 KB국민 나라사랑 체크카드로 결제 시 즉시 할인 
- 간편결제 (카카오페이/네이버페이/페이코/토스)는 행사 대상에서 제외
- 국내선 전 노선(편도/왕복 포함), 항공 운임 기준(유류할증료/TAX 제외)
- 쿠폰 사용 기간 : 탑승권 발급일 ~ 2022년 6월 30일
- 탑승 대상 기간 : 탑승권 발급일 ~ 2022년 7월 24일
- 탑승 제외 기간 : 2022년 6월 4일 ~ 2022년 6월 6일
- 본 혜택은 쿠폰 사용 기준으로 선착순 한정
- 행사는 당사 또는 제휴사의 사정으로 행사 변경 및 중단 가능
- 해당 쿠폰은 지정된 사용, 탑승기간 맞추어 이용 가능하며, 기타 할인 쿠폰, 부가서비스 쿠폰, 프로모션 코드와 중복 적용이 불가
- 기타 행사 관련 사항은 진에어의 제휴정책을 따름.

※ 본 문자메시지는 KB국민카드 광고성 정보수신 동의하신 고객님께 발송되었습니다. (전 영업일자 기준)

■ 문의
KB국민카드 고객센터 1588-1688

※ 본 행사는 KB국민카드의 영업정책 및 제휴업체의 사정으로 변경 또는 중단될 수 있습니다.

※ 준법감시인 심의필 220519-01481-LMS(2022.05.19~2023.05.18)


세상 편리한 결제 KB Pay 앱 설치
https://url.kr/zho1fd
꽝 없는 즉석 뽑기
https://m.liivmate.com/e/Z002714
※ 무료수신거부 ☎080-850-1688","KB국민카드 이벤트 안내
(광고)[KB국민카드]
인터파크에서도
KB Pay로 결제하자!

▶ KB Pay 설치 바로가기: https://m.kbcard.com/CXHACADC0009.cms?utm_source=kbpay_LMS&utm_medium=referral 

■ 대상
본 문자 수신하고 KB Pay 설치 및 이용한 고객 전원

■ 혜택 1
문자 수신 후 KB Pay 설치하고 가입하면 1,000 포인트리 지급

■ 혜택 2
행사종료일까지 인터파크에서 KB Pay로 30,000원 이상 결제 시 추가 5,000 포인트리 지급

■ 기간: 2022.5.1(일) ~ 5.29(일)

■ 혜택제공
- 행사1: 5.1~5.15 가입 고객은 5.16(월) 지급/5.16~5.29 가입 고객은 5.30(월) 지급
- 행사2: 6.24(금) 이내 지급

■ 꼭 알아두세요
- 공통 : 혜택 지급 시점에 KB Pay 탈회 시 혜택 지급 불가능
- 행사별 혜택 지급은 회원 1인당 1회에 한함
- 행사2. 인터파크 전체 카테고리(쇼핑, 티켓, 투어, 도서 등)를 포함하며, 인터파크 오프라인 가맹점(블루스퀘어 등) 및 실시간 항공권(국내선/국제선) 결제 건 제외
- 행사2. KB Pay 결제건에 한하며, 카드 외 결제수단(결제계좌, 상품권, 포인트리)도 포함
- 행사2. 2022.6.10(금)까지 정상매입되지 않은 건은 혜택 지급에서 제외
- 포인트리 지급 내역은 KB Pay 앱 타임라인에서 확인 가능
- 예산 소진 시 조기 종료 가능

※ 본 문자메시지는 KB국민카드 광고성 정보 수신 동의하신 고객님께 발송되었습니다.(전 영업일자 기준)

■ 문의
KB국민카드 고객센터 (☎1588-1688)

※ 본 행사는 KB국민카드의 영업정책 및 제휴업체의 사정으로 변경 또는 중단될 수 있습니다.
※ 준법감시인 심의필
220427-01211-LMS(2022.04.27)

----------------------
세상 편리한 결제 KB Pay 앱 설치
https://url.kr/zho1fd
투표만 해도 NFT 드려요
https://m.liivmate.com/e/Z002771
----------------------
※ 무료수신거부 ☎080-850-1688",
,"KB국민카드 이벤트 안내
(광고)[KB국민카드]
인터파크에서도
KB Pay로 결제하자!

▶ KB Pay 설치 바로가기: https://m.kbcard.com/CXHACADC0009.cms?utm_source=kbpay_LMS&utm_medium=referral 

■ 대상
본 문자 수신하고 KB Pay 설치 및 이용한 고객 전원

■ 혜택 1
문자 수신 후 KB Pay 설치하고 가입하면 1,000 포인트리 지급

■ 혜택 2
행사종료일까지 인터파크에서 KB Pay로 30,000원 이상 결제 시 추가 5,000 포인트리 지급

■ 기간: 2022.5.1(일) ~ 5.29(일)

■ 혜택제공
- 행사1: 5.1~5.15 가입 고객은 5.16(월) 지급/5.16~5.29 가입 고객은 5.30(월) 지급
- 행사2: 6.24(금) 이내 지급

■ 꼭 알아두세요
- 공통 : 혜택 지급 시점에 KB Pay 탈회 시 혜택 지급 불가능
- 행사별 혜택 지급은 회원 1인당 1회에 한함
- 행사2. 인터파크 전체 카테고리(쇼핑, 티켓, 투어, 도서 등)를 포함하며, 인터파크 오프라인 가맹점(블루스퀘어 등) 및 실시간 항공권(국내선/국제선) 결제 건 제외
- 행사2. KB Pay 결제건에 한하며, 카드 외 결제수단(결제계좌, 상품권, 포인트리)도 포함
- 행사2. 2022.6.10(금)까지 정상매입되지 않은 건은 혜택 지급에서 제외
- 포인트리 지급 내역은 KB Pay 앱 타임라인에서 확인 가능
- 예산 소진 시 조기 종료 가능

※ 본 문자메시지는 KB국민카드 광고성 정보 수신 동의하신 고객님께 발송되었습니다.(전 영업일자 기준)

■ 문의
KB국민카드 고객센터 (☎1588-1688)

※ 본 행사는 KB국민카드의 영업정책 및 제휴업체의 사정으로 변경 또는 중단될 수 있습니다.
※ 준법감시인 심의필
220427-01211-LMS(2022.04.27)

----------------------
세상 편리한 결제 KB Pay 앱 설치
https://url.kr/zho1fd
투표만 해도 NFT 드려요
https://m.liivmate.com/e/Z002771
----------------------
※ 무료수신거부 ☎080-850-1688","30만원 쓰면 7천포인트리 드려요
(광고)[KB국민카드]
""매달"" 있는 KB국민체크카드만의 풍성한 혜택! 이번 달엔 무엇??

■ 내용
기간 내 응모 회원 대상, 체크카드 건당 이용금액대별 포인트리 제공 
(회원별 큰 금액 기준 1회 제공)

ㅇ 건당 30만원 이상: 7천포인트리
ㅇ 건당 50만원 이상: 1만포인트리
ㅇ 건당 100만원 이상: 2만5천포인트리


☞ 응모 바로 가기!
https://m.kbcard.com/e/276967

■ 기간: 2022.3.25(금)~4.10(일)
■ 대상: KB국민 체크카드 회원
■ 혜택 제공: 2022.4.22(금) 이내 본인 회원 앞 적립

■ 꼭 알아두세요
- 응모 필수, 응모와 이용 순서는 관계없음
- 기간 내 이용금액 중 2022.4.18(월)까지 미매입된 금액, 취소금액, 신용/체크 선택 결제 서비스 이용금액, 상품권 및 지방세 업종, 포인트리 충전금액 제외
- 타 행사 및 카드 서비스 혜택과 중복 적용 가능
- 경품제공 이전 카드 해지 시 대상에서 제외
※ 본 문자메시지는 KB국민카드 광고성 정보 수신 동의하신 고객님께 발송되었습니다.(동의 여부는 전 영업일자 기준)

■ 문의: KB국민카드 고객센터(☎1588-1688)
※ 보이는 ARS ☞ https://m.kbcard.com/i/CXHIAOPC0011

※ 본 행사는 KB국민카드의 영업정책 및 제휴업체의 사정으로 변경 또는 중단될 수 있습니다.
※ 준법감시인 심의필 220324-00763-LMS
(2022.03.24)
※ 무료수신거부 ☎080-850-1688","KB Pay로 어서오세요!
(광고)[KB국민카드] 
최*창님,
KB Pay 이용하시고 스타벅스 아메리카노(Tall) 쿠폰 받아가세요.

▶KB Pay 설치 바로가기: https://m.kbcard.com/CXHACADC0009.cms?utm_source=kbpay_SOS&utm_medium=referral 

■ 혜택
기간 동안(문자 수신일 포함) KB Pay로 건당 5,000원 이상 1회 이용 시
스타벅스 아메리카노(Tall) 쿠폰 제공(기간 중 1회)

■ 기간
2021.11.15 ~ 2021.11.21

■ 대상 
본 문자수신 KB국민카드 회원(KB국민 기업,비씨,선불카드/가족회원 제외)

■ 혜택제공
이용조건 달성 2일 후 KB국민카드에 등록된 본인 휴대전화번호로 발송 예정

■ 꼭 알아두세요
-응모 불필요
-1인 1회, 본인회원에 한하여 혜택 제공
-국세, 지방세 및 환금성(상품권 등) 업종 제외
-취소 및 정상매입되지 않은 이용금액은 제외
-혜택제공 이전 카드 해지 시 대상에서 제외

※ 본 문자메시지는 KB국민카드 광고성 정보 수신 동의하신 고객님께 발송되었습니다.(동의 여부는 전 영업일자 기준으로 발송 시점과 다를 수 있으니 양해를 부탁드립니다.)

■ 문의
KB국민카드 고객센터 (☎1588-1688)

※ 본 행사는 KB국민카드의 영업정책 및 제휴업체의 사정으로 변경 또는 중단될 수 있습니다.

※ 준법감시인 심의필 210917-03258-LMS
※ 무료수신거부 ☎080-023-8700",
,"요기요 상품권 7만원 증정 이벤트
(광고)[KB국민카드] 
요기요에서 무료로 매월 3만원 할인받는 법 알려드려요~
30초만 읽고, 3분만 투자하면 연 최대 36만원 할인 쿠폰 혜택이!
(속닥속닥) 이번 달엔 요기요 7만원 모바일 상품권도 덤!

■ 최*창님께 드리는 혜택
① 요기요에서 무료로 매월 3만원 할인
☞ 요기패스 신용카드로 요기패스 구독료 자동납부 시 
: 요기패스 카드번호/유효기간 확인 (KB Pay 앱, 고객센터에서 확인 가능) > 요기패스 가입 (요기요 앱) > 정기결제 수단에 요기패스 신용카드 등록 > 요기요 3만원 할인 쿠폰 바로 지급
※ 요기패스 기가입 고객은 마이요기요에서 결제수단 변경

② 요기요 모바일 상품권 7만원 증정 이벤트
☞ 행사 기간 내 요기패스 신용카드 7만원 이상 이용 및 요기패스 정기결제 승인(등록 포함) 시
- 행사 기간 : 2021.11.1(월)~2021.11.30(화)
- 지급 : 2021.12.31(금) 이내 KB국민카드에 등록된 본인 휴대폰번호로 발송

■ 카드 혜택 자세히 보기 
☞ https://bit.ly/3wROPi9

■ 이벤트 바로가기
☞ https://www.yogiyo.co.kr/ss/Sc4SvH

■ 꼭 알아두세요
- 요기패스에 관한 자세한 내용은 요기요 앱을 통해 확인 부탁드립니다.

[이벤트 유의사항]
- 이용금액은 2021.12.10(금)이내 전표 매입 완료된 일시불 및 할부 이용금액 기준으로 산정하며, 상품권, 취소금액 및 단기카드대출(현금서비스)금액은 제외됩니다.
- 대상카드 해지(타 카드로 교체 포함) 시 이벤트 대상에서 제외됩니다.
- KB국민카드에서 진행되는 타 이용금액 증대 이벤트 혜택과 중복적용 되지 않으며, 행사 직전 6개월 이내 KB국민카드 다른 이용금액증대 이벤트 혜택을 지급받으신 경우 조건을 충족하시더라도 혜택이 지급되지 않습니다.

※ 본 문자메시지는 KB국민카드 광고성 정보 수신 동의하신 고객님께 발송되었습니다. (전 영업일자 기준)

■ 문의
KB국민카드 고객센터(☎1588-1688)

※ 본 행사는 KB국민카드의 영업정책 및 제휴업체의 사정으로 변경 또는 중단될 수 있습니다.
※ 여신금융협회 심의필 제2021-C1f-09937호(2021.11.11)
※ 무료수신거부 ☎080-023-8700","월동준비 체크카드 캐시백 이벤트
(광고)[KB국민카드]
최*창님, 겨울준비는 체크카드로 하고 2만원 캐시백 받으세요!

■ 내용
기간 동안 응모하고 체크카드 총 100만원 이상 이용 시 2만원 캐시백

☞ 로그인 없이 바로 응모하기
https://m.kbcard.com/e/275872cn7000597429sn11064349743

■ 기간 : 2021.10.26(화)~11.25(목)
■ 대상 : KB국민체크카드 회원(KB국민 기업, 비씨, 선불카드 제외)
■ 혜택 제공 : 2021.12.10(금) 이내 최근 이용 체크카드의 출금계좌로 입금 예정 

■ 꼭 알아두세요
- 본 메시지 수신 회원에 한하여 제공
- 제외금액 : 행사기간 이용금액 중 11.30까지 미매입/취소금액, 당사 포인트리 충전금액, 신용카드의 체크 이용금액
- 응모와 이용순서 관계없음, KB국민카드 타 이벤트 혜택 중복 가능
- 카드해지 시 혜택 제공 불가 

※ 본 문자메시지는 KB국민카드 광고성 정보 수신 동의하신 고객님께 발송되었습니다.(동의 여부는 전 영업일자 기준으로 발송 시점과 다를 수 있으니 양해를 부탁드립니다.)

■ 문의
KB국민카드 고객센터: ☎1588-1688
※ '보이는 ARS' ☞https://m.kbcard.com/i/CXHIAOPC0011

※ 본 행사는 KB국민카드의 영업정책 및 제휴업체의 사정으로 변경 또는 중단될 수 있습니다.
※ 준법감시인 심의필 210913-03181-LMS(2021.09.13)

■ 상생소비지원금 실적 안내
https://m.kbcard.com/CXHIASVCD0021.cms
※ 무료수신거부 ☎080-023-8700","예금상품비교서비스
(광고)[신한은행] 
[서비스안내] 
예적금 비교 서비스 오픈!  
매번 최고금리는 높은데  
내가 받을 수 있는 금리는 낮아요 T_T 

모두가 받는 금리 말고,  
내가 받는 금리를 확인해서 보여주니까  
이제 다른 금융기관 상품의 금리까지 꼼꼼하게 비교하세요!  

▶ 비교하러가기 :https://me.shinhan.com/ppDwJ5ur 

[유의사항]   
※ 본 서비스는 머니버스 가입 후 이용 가능합니다.   
※ 금융소비자는 해당 상품 또는 서비스에 대해 설명받을 권리가 있습니다.   
※ 본 서비스에 관한 계약을 체결하기 전에 해당 약관을 반드시 읽어보시기 바랍니다.   
※ 이 광고물은 법령 및 내부통제 기준에 따른 관련 절차를 거쳐 제공됩니다.   
※ 기타 자세한 문의는 신한은행 고객상담센터 1599-8000 (평일 오전 9시 ~ 오후 6시/주말 및 공휴일 휴무)로 부탁드립니다. 
준법감시인 사전심사필 제2023-12928-3호(2023.06.27 ~ 2024.06.27) 
/거부(무료)0808508505",
,"급여클럽 가입하고 커피 받아가세요!
(광고)[신한은행] 
[이벤트안내] 
최민창님!  
지금 급여클럽 가입만 하시면   
♥스타벅스 커피 1잔 1OO%♥ 드려요!  
신한은행으로 두 달 연속 급여이체시 최대 2만 포인트도 더 드려요!  

▶이벤트 확인하고 커피 받으러 가기 
https://me.shinhan.com/nMCGROcV  

[슬기로운 첫급여생활 이벤트]  
1. 대상 : 이벤트 응모 직전 1년간 신한은행으로 급여입금 실적이 없었던 고객님  
2. 기간 : 23.03.13(월)~23.11.30(목)  
3. 경품확인 : SOL 쿠폰함에서 확인  
   
[유의사항]  
※급여클럽의 모든 혜택은 은행에서 정한 요건을 충족한 경우에 제공됩니다. 자세한 내용은 급여클럽 혜택안내 페이지를 참고하시기 바랍니다.  
※서비스에 관한 상세 내용 및 유의사항은 신한은행 홈페이지(www.shinhan.com)또는 신한 쏠(SOL) 참조하시기 바랍니다.  
※경품은 사정에 따라 동급의 다른 상품으로 변경될 수 있으며, 이벤트 일정은 사정에 따라 변경되거나 조기 종료될 수 있습니다.  
※이 광고는 법령 및 내부통제기준에 따른 관련 절차를 거쳐 제공됩니다.  
※기타 자세한 사항은 신한은행 고객센터1599-8000(평일 오전 9시~오후 6시/ 주말 및 공휴일 휴무)로 문의부탁드립니다. 
준법감시인 사전심사필 제2023-12408-1호(2023.05.31 ~ 2023.11.30) 
/거부(무료)0808508505","쏠야구 퀴즈 정답 못 맞춰도 1천P 드려요
(광고)[신한은행] 
[이벤트안내] 
정답 못 맞춰도 1천P 드리는데.. 정말 안 받으실거에요?! 

지금 쏠야구 퀴즈 푸시면  
묻지도 따지지도 않고 1천 포인트를 드립니다. (퀴즈 풀기만 해도 100% 지급!) 

▶지금 바로 퀴즈풀기 : https://me.shinhan.com/AeUSSA1F 
(신한SOL>신한플러스>쏠야구>야구상식 쏠퀴즈) 
▶이벤트대상: 본 문자 수신 후 상단 링크를 통해 이벤트 기간 내 신한플러스에서 야구상식 쏠퀴즈 참여 완료한 고객 (정답 여부 관계 없음) 
▶이벤트기간: 2023.6.19(월)~2023.6.30(금) 
▶이벤트경품 : 마이신한포인트 1천포인트 
▶경품지급일: 23.07.07(금) 예정 

[유의사항] 
※본 이벤트는 신한은행이 선정한 고객님(문자 최초 수신 고객)만 참여 가능합니다.  
※마이신한포인트 적립을 위해서는 적립일까지 신한플러스가입 및 유지가 필수입니다.  
※본 이벤트는 사정에 따라 일정이 불가피하게 변경될 수 있습니다. 
※개별 당첨 안내는 없으며, 이벤트 당첨 시 마이신한포인트 1천P는 23.07.07(금)에 일괄 지급됩니다.  
※이벤트 조건 충족시 1인 1회에 한해 마이신한포인트 적립됩니다. 
※본 이벤트는 은행의 사정으로 변경되거나 조기 종료 될 수 있습니다. 
※이벤트 상품은 사정에 따라 동급의 다른 상품으로 변경될 수 있습니다. 
※ 이 광고는 법령 및 내부통제 기준에 따른 관련 절차를 거쳐 제공됩니다. 
※ 기타 자세한 이벤트 관련 문의는 신한은행 고객상담센터 1599-8000 (평일 오전 9시 ~ 오후 6시/주말 및 공휴일 휴무)로 부탁드립니다. 
준법감시인 사전심사필 제2023-12683-1호(2023.06.19 ~ 2023.06.30) 
/거부(무료)0808508505","SOL은 이체수수료가 O원!
(광고)[신한은행] 
조건 없이 누구나 수수료 O원! 
세상에서 제일 아까운 이.체.수.수.료 
이제 신한 쏠(SOL)에서 무료로 이체하세요 

▶ 마음껏 이체하러 가기 
https://me.shinhan.com/neqaOxLO 

▶ 시행일: 2023.01.01(일) 
▶ 대상거래: 신한 쏠(SOL)을 통해 다른 은행 계좌로 이체 시 발생되는 수수료(건당 500원) 
▶ 면제대상: 신한 쏠(SOL) 이용 고객 전체 


※ 꼭 알아두세요. 
- 이체수수료 면제는 개인고객 및 개인뱅킹 채널에 한합니다. 
- 이 광고는 법령 및 내부통제 기준에 따른 관련 절차를 거쳐 제공됩니다.  
- 기타 문의사항은 신한은행 고객상담센터 1599-8000(평일 오전9시~오후6시/주말 및 공휴일 휴무)로 부탁드립니다.  

준법감시인 사전심사필 제2023-10134-1호 (2023. 01. 12 ~2024. 01. 12) 
/거부(무료)0808508505",
,"[Web발신]
(광고)[하나은행]
일 잘 하는 K-직장인은 혜택도 남다르게!

하나은행으로 급여이체 하고,
이뤄드림 혜택 받기☆

▶이벤트 대상: 하나은행 급여이체 첫거래 손님
▶참여기간 : 2023.05.02(화)~2023.06.30(금)
▶참여방법 : 이벤트 응모한 후 하나은행 계좌로 급여 받기
(5월, 6월 매월 급여이체하면 당첨 확률 두배)
▶ 이뤄드림혜택
① 100만 하나머니(3명)
② 롯데호텔 숙박권 40만원권(5명)
③ CGV영화관람권 3만원권(100명)
④ 맥도날드 빅맥세트(3,000명)

▶ 이벤트 자세히 보기
bit.ly/K직장인이뤄드림

※ 하나원큐는 하나은행 대표 스마트폰뱅킹 브랜드입니다.
※ 이벤트에 대한 상세 내용은 하나원큐 이벤트 페이지를 참고하시기 바랍니다.
※ 2023.01.01 이후 하나은행으로 급여를 받지 않은 손님을 대상으로 합니다.
※ 자세한 문의 : 하나은행 고객센터(1599-1111>0>4)
※ 하나머니는 하나카드가 운영하는 하나금융그룹 생활금융플랫폼인 하나머니 앱을 통해 간편결제, 무료송금, 현금인출이 가능합니다. 
※ 하나머니는 적립 시점에 하나머니 서비스 정상회원에 한해 적립됩니다. (미가입, 탈회회원, 휴면회원 등은 적립 제외)
※ 하나머니 문의 : 하나머니 고객센터(1800-0000)

※ 본 홍보물은 법령 및 내부통제기준에 따른 절차를 거쳐 제공됩니다.
※ 본 홍보물은 2023년 6월 30일까지 유효합니다.
준법감시인 심의필 제2023-광고-02477호(2023.04.11)
무료수신거부 0800901111","[Web발신]
(광고)[하나은행]
하나원큐 손님만을 위한 특별혜택!
☆뮤지컬 맘마미아 50% 할인☆

특별한 혜택의 주인공으로 모십니다!
하나원큐 로그인하고 뮤지컬 보러가자~♪

▼50%할인 특별혜택 받으러 가기▼
https://hanabank.me/43eOeXk

▷ 참여대상: 하나원큐에 로그인한 손님
▷ 손님혜택: 뮤지컬 맘마미아 4/26(수) 저녁 7시 30분 공연 전좌석 50% 할인
▷ 하나원큐 신규손님 예매가능시간: 4/13(목) 오후 2시~ 4/25(화) 오후 5시
▷ 하나원큐 전체손님 예매가능시간: 4/14(금) 오후 4시~ 4/25(화) 오후 5시
※ 하나원큐 신규손님은 2023.03.30 이후 간편인증 최초 등록 완료 손님입니다.

※ 하나원큐는 하나은행 대표 스마트폰 뱅킹 브랜드입니다.
※ 자세한 문의: 하나은행 고객센터(1599-1111>0>4)
※ 본 홍보물은 법령 및 내부통제기준에 따른 절차를 거쳐 제공됩니다.
※ 본 홍보물은 2023년 4월 26일까지 유효합니다. 준법감시인 심의필 제 2023-광고-02547호(2023.04.13)
무료수신거부 0800901111","[Web발신]
(광고)[하나은행]
커피쿠폰 마감 임박!

최*창님 올해가 가기 전에
오픈뱅킹 가입하고
따듯한 스타벅스 아메리카노(T) 쿠폰 꼭 받으세요!

▶ 이벤트 자세히 보기 : https://bit.ly/3rSG3xL

■ 기간 : 2022.12.31까지
■ 이벤트 대상 : 하나은행 오픈뱅킹을 한번도 가입하지 않은 손님
■ 쿠폰 받는 방법: 하나원큐에서 오픈뱅킹 가입 후 이벤트 페이지에서 ‘쿠폰 발급 받기’ 누르기

※ 하나원큐는 하나은행의 대표 스마트폰뱅킹 브랜드입니다.
※ 오픈뱅킹 서비스는 하나은행 스마트폰(인터넷)뱅킹 등을 통해 다른은행에 개설된 본인 명의 계좌를 조회하고, 이체 등을 할 수 있는 서비스입니다.
※ 자세한 문의 : 하나은행 고객센터(1599-1111>0>4)
※ 본 홍보물은 법령 및 내부통제기준에 따른 절차를 거쳐 제공됩니다.
※ 본 홍보물은 2022년 12월 31일까지 유효합니다.
준법감시인 심의필 제2022-광고-08197호(2022.11.11)
무료수신거부 0800901111",
,"[Web발신]
(광고)[하나은행]
최*창님의 스타일은?

오월 날씨 좋다! 오늘도 만보 걷기 도전~B.us M.etro W.alking BMW형?
묻고 더블로 가, 수익추구 선호형?
환율날씨따라 내 지갑별로 $, ￥, ?, 환테크 선호형?

최*창님의 스타일을 보여주세요~
부자되는 금융상품, 서비스는 저희가 준비할께요~

♣마이데이터 하나 합♣

지금 바로 등록하시고 
스벅커피 두잔+α 
최.대. 네가지 선물 받아가세요~

▶이벤트 참여 바로가기 : https://url.kr/8yuw3s

[이벤트 하나♪] 100%당첨 럭키박스 이벤트♥
■ 기간: 2022.04.01~05.31까지
■ 방법
마이데이터 '하나 합' 서비스 가입하고 이벤트 응모
(1개 이상 기관 연결(하나은행 제외) 필수)
■ 경품
스타벅스 아메리카노 Tall사이즈 100% ★즉시 증정 (하나원큐>쿠폰함)

[이벤트 둘♬] 새싹 화분을 키워보세요
■ 기간: 2022.04.04~ 05.31일까지
■ 방법
마이데이터 '하나 합' 서비스 가입하고 이벤트 응모
(1개 이상 기관 연결(하나은행 제외) 유지 필수)
■ 경품(최대 3가지 모두 증정)
기본 스타벅스 아메리카노 Tall사이즈 증정(6/10일 일괄지급 예정)
새싹 두개 모아→배달의 민족 5천원권! 
새싹 세개 모아→1만 하나머니까지 

[유의사항] 
※ 본 서비스의 가입 및 이용관련 문의사항은 하나은행 고객센터(1599-1111누르고 0번>4번)로 문의하시기 바랍니다.  
※ 새싹 화분 키워보세요 기프티콘은 이벤트 기간 종료후 6월 10일 일괄 발송 예정이며 지급 일정은 사정에 따라 변동될수 있습니다.  
※ 하나머니 관련 자세한 사항은 하나머니 고객상담센터(1800-0000)로 문의바랍니다.  
※ ㈜핀크는 새싹 화분 키워보세요 이벤트의 운영 대행사로 본 이벤트 기프티콘  관련 자세한 문의사항은 ㈜핀크 고객센터(1566-4949)로 문의하시기 바랍니다.
※ 하나 합 점검 시간 동안은 자산 연결 불가 합니다. (매일 23:30~익일 00:30)
※ 본 홍보물은 법령 및 내부통제기준에 따른 절차를 거쳐 제공됩니다. 
※ 본 홍보물은 2022년 5월31일까지 유효합니다. 준법감시인 심의필 제 2022-광고-3757호(2022.04.27)
무료수신거부 0800901111","[Web발신]
(광고)[하나은행]
찾았다 내 돈!

최*창님~
1분만에 잊고 있던 내 돈 찾고
스타벅스 아메리카노(T) 쿠폰 바로 받는 방법!

①하나원큐에서 오픈뱅킹 가입하기
②스벅 커피 쿠폰 발급 받기 클릭!

▶ 쿠폰 받으러 가기 : https://hanabank.me/3J8nzR8

※하나원큐는 하나은행의 대표 스마트폰뱅킹 브랜드입니다.
※오픈뱅킹 서비스는 하나은행 스마트폰(인터넷)뱅킹 등을 통해 다른 은행에 개설된 본인 명의 계좌를 조회하고, 이체 등을 할 수 있는 서비스입니다.
※자세한 문의 : 하나은행 고객센터(1599-1111>0>4)
※본 홍보물은 법령 및 내부통제기준에 따른 절차를 거쳐 제공됩니다.
※본 홍보물은 2022년 3월 31일까지 유효합니다.
준법감시인 심의필 제2022-광고-1591호(2022.01.26)
무료수신거부 0800901111","[Web발신]
(광고)[미래에셋증권]
한국산업은행이 발행한 만기가 1년 미만인 '초저위험' 채권을 안내 드려요!


■ 채권명 : 산업금융채권 21신이0300-0401-2
- 만기일 : 2024년 4월 1일 (342일)
- 신용등급 : AAA (23.4.20, 한기평)
- 매수금리 : 3.31% (23.4.25 기준)
- 은행환산수익률(세전) : 연 3.70% (23.4.25 기준)
- 이자지급유형 : 3개월 이표채
- 위험등급 : 초저위험, 5등급

■ 장외채권 보러가기 : bit.ly/mstock_bond

■ 미래에셋증권 모바일앱 M-STOCK에서 채권 모의투자계산을 통해 이자 및 만기시 현금흐름 확인 가능해요.

■ 자세한 내용은 M-STOCK 앱에서 확인하실 수 있어요. 투자상담문의는 가까운 지점 또는 디지털투자상담센터(1644-9300), 업무관련문의는 고객센터(1588-6800)로 해주세요.


(투자자 유의사항)
※ 최소 1천원 단위부터 매수가능
※ 수익률 및 잔존만기는 23년 4월 25일 기준으로, 매매시점에 변동가능
※ 판매 한도소진 시 조기 마감 (매수 가능시간 : 09:00~17:00)
※ 중도 매도시 원금 손실 가능
※ 투자전 설명 청취 및 상품설명서 필독
※ 예금자보호법상 보호상품 아님
※ 청약의 권유는 (예비,간이)투자설명서에 따름
※ 자산가격 변동, 신용등급 하락 등에 따른 원금 손실(0~100%)발생가능 및 투자자 귀속
※ 발행자(한국산업은행,AAA,2023.4.20 한기평)신용위험에 따른 원금 손실 가능
※ AAA/AA·A·BBB각 +,0,- 순으로 투자적격등급 구분
※ 본 채권수익률은 현행 세법 기준으로 작성되었으며, 금융투자소득세 시행시 실제수익률과 달라질 수 있습니다.

미래에셋증권 준법감시인 심사필 제 23 - 535호(2023.04.25~2024.04.24)
무료수신거부 080-768-3355",
,"[Web발신]
(광고)[미래에셋증권]
중개형ISA에서 채권매매가 가능하다고?

이제는 채권도 중개형ISA에서~
같은 채권을 매수하더라도 이자소득에 대해 절세혜택이 덤!

미래에셋증권 중개형ISA에서는 장외채권부터
장내채권, 전단채, CB, BW까지 투자 가능합니다.

▶ 중개형ISA와 채권 투자tip 알아보고 가실게요:
bit.ly/ISA_bond

▶ 중개형ISA 계좌개설 바로가기:
bit.ly/ISA_account

[투자자 유의사항]
※ 가입전 설명 청취 및 상품설명서？약관 필독
※ 청약의 권유는 예비,간이 투자설명서에 따름
※ 원금손실 발생 가능 및 투자자 귀속
※ 예금보호 대상으로 운용되는 금융상품에 한해 5천만원까지(운용회사별 합산) 예금자 보호
※ 과세기준 및 방법 향후 변동 가능
※ 중도해지 시 또는 국세청 부적격 통보 시 과세특례 세액 추징
※ [중개형] 투자자가 운용대상 상품 직접 운용
※ 국내 주식형펀드 및 국내 주식형ETF 등(상장주식 매매차익 비과세)에서 손실 발생시 ISA내 예금, 다른 펀드 등에서 발생한 이익과 통산되지 않음

미래에셋증권 준법감시인 심사필 제 23 - 331호(2023.03.16~2024.03.14)
무료수신거부 080-768-3355",,,