deidentified_text,overview
0,"**은행]
[Web발신]
**은행] 단 3일! 최대 1천만원(추첨)! 꽝 없는 럭키박스 이벤트

아직 안 열어본 럭키박스가 있어요!
100%당첨 럭키박스가 사라지기전에
지금 바로 열어보세요~~
1천만원 추첨 행운의 기회까지 get!

-본 이벤트는 이 메시지를 *** 고객님만 참여 가능합니다-

▶ [Service]열기
[URL]

■ 참여방법 
럭키박스 열고 상품 확인 후 응모하면 100% 드림! (★응모필수★)
전체 응모자 중 1명 추첨하여 1천만원 또 드림!

■ 이벤트기간
21.9.28(화) ~ 9.30(목)

■ 당첨자 발표 및 경품지급
2021.10.8(금)
※발표일로부터 10영업일 이내 경품지급

※본 이벤트는 안내문자를 *** 고객님만 당첨대상에 해당됩니다.
※모바일쿠폰 경품은 고객정보상의 휴대전화번호로 발송되오니 등록된 고객정보를 확인해주시기 바랍니다.
**은행 입출금이 자유로운 예금 계좌로 입금됩니다.  
※당첨차 발표일로부터 1개월까지 연락처 오류 등의 사유로 경품 반송 시 당첨이 무효처리됩니다. 
※당첨자 발표일 기준 [Service]*** 고객님은 당첨에서 제외됩니다.
**은행의 사정으로 변경 또는 중단될 수 있습니다. (단, 기 조건 충족고객 및 당첨고객 제외)
※자세한 내용은 고객센터(☎XXXX-XXXX)로 문의하시기 바랍니다.

준법감시인 심의필 제2021-2591-4호(2021.9.27)(유효기간 2021.10.22까지)
무료 수신 거부 XXX-XXXX-XXXX

☎15889999/무료수신거부0808535882","'**은행에서는 한정된 기간 동안 럭키박스 이벤트를 진행하며, 참여자 모두에게 상품을 제공하고 추가로 대상자 중 1명을 추첨하여 큰 상금을 제공하는 이벤트를 진행하고 있습니다.'"
1,"**은행]감사선물도착!
[Web발신]
**은행]
[Service]'청년내일계좌'에 관심을 가져 주신
***님께 감사의 선물로 ‘신라면 큰사발’을
준비하였습니다.

오늘 단 하루, [Service]하시면
8/16(수) 쿠폰을 적립해 드립니다.

**은행으로부터 수[Service]*** 고객님
◈ 참여 방법 : 오늘 [Service]하면 당첨!
◈ 참여 기간 : 23.07.31(월), 단 하루!
◈ 증정 경품 : [CU] 농심)신라면 큰사발 교환권 1매
◈ 쿠폰 적립일 : 2023.08.16(수)
※ 앱 푸시로 쿠폰 적립 알림 드려요 
※ 쿠폰 확인 : [Service]>My[Service]>쿠폰함

◈ 바로 로그인하러 가기: [URL]

**은행 대표 스마트폰뱅킹 브랜드입니다.
**은행의 사정에 따라 변경 또는 중단될 수 있으며, 각 이벤트별 혜택은 동일 금액대의 다른 상품으로 변경될 수 있습니다. (단 기조건 *** 고객님 제외)
※본 이벤트 경품은 교환,환불,환가, 연장 및 재발급이 불가합니다.
※ 쿠폰 사용 관련 유의사항은 발급된 모바일 쿠폰 하단에 명시되어 있습니다.
**은행 고객센터(XXXX-XXXX)
※ 본 홍보물은 법령 및 내부통제기준에 따른 절차를 거쳐 제공됩니다.
※ 본 홍보물은 2023년 07월 31일까지 유효합니다.
준법감시인 심의필 제2023-광고-05262호(2023.07.28)
무료수신거부 XXX-XXX-XXXX",'**은행에서는 단 하루 동안 '청년내일계좌'에 관심을 보여주신 고객들을 대상으로 '신라면 큰사발' 쿠폰을 증정하는 이벤트를 진행하고 있습니다.'
2,"**은행]
[Web발신]
(광고)(광고)호텔 숙박권부터 골드바까지~!! 
「[Service]Grand Open 이벤트」 
7월에 찾아온 행운의 선물,국민 럭키룰렛 

▶이벤트 응모하기 
[URL] 
▶[Service]등록하러 가기 
[URL] 

■기간: 2023.7.10(월)~7.30(일) 
■참여방법 
★EVENT 1★ 
①[Service]등록하기 
②응모하기 클릭 
③매주 화요일에 룰렛 돌리기 

★EVENT 2★ 
①[Service]등급 확인하기 
②이벤트 페이지 “내 등급 입력하기”에서 본인등급 선택! 

■경품 
★EVENT 1★ 
1등 
1회차:워커힐 그랜드 클럽스위트 숙박권(1명) 
2회차:골드바 10g (1명) 
3회차:신라호텔 더파크뷰 1인식사권 5매(1명) 
2등:BBQ 황금올리브치킨+ 콜라 1.25L 모바일쿠폰 1매(매주 500명) 
3등:스타벅스 카페아메리카노 Tall 모바일쿠폰 1매(매주 1,000명) 
4등:포인트리 100P(전원) 
★EVENT 2★ 
주식쿠폰([Service][105560] 용) 5천원권(30,000명 추첨) 

■경품지급 
이벤트 페이지 참고 

▶챗봇과 상담하기 
[URL] 

※상품(서비스) 가입 전 상품(서비스)설명서 및 약관 필독 
**은행이 상품 계약체결을 권유하는 경우 및 일반금융소비자가 설명을 요청하는 경우에도 중요한 사항을 이해할 수 있도록 설명받을 권리가 있음 
**은행의 사정으로 변경 또는 중단될 수 있음 
**은행 고객센터(XXXX-XXXX)로 문의 

준법감시인 심의필 제2023-2547-8호(2023.7.4) | 유효기간 2023.7.4~2023.8.18까지 
무료수신거부 XXX-XXX-XXXX 

☎15889999/무료수신거부0808535882","'**은행에서는 서비스 등록 후 룰렛을 돌려 호텔 숙박권, 골드바 등 다양한 경품을 받을 수 있는 이벤트와 서비스 등급에 따른 주식쿠폰 추첨 이벤트를 진행하고 있습니다.'"
3,"**카드대출 이지론 금리 할인!
[Web발신]
**카드] 간편한 신청, 중도상환수수료 없는 이지론 금리할인!!   

■ ***님께 드리는 혜택: 
 - 가능   금액 : 440만원 
 - 할인전금리 : 연 15.60%
 - 할인후금리 : 연 15.10%
 - 적용   기간 : 2023.8.2(수) ~ 9.4(월) 
  
■ 신청방법 
1. [Service]: [URL]
**은행 자동화기기
3. 금융서비스센터 ☎XXXX-XXXX / 고객센터 ☎XXXX-XXXX 
4. 신청가능시간 01:00 ~ 23:00

■ [Service]안내
타사 대출 이용중이신가요? 기존 대출 확인하고 유리한 조건으로 갈아타세요!
-[Service]: [URL]
-가능금액 : 최고 1억원
-적용금리 : 5.9 % ~ 19.9%(개인신용평점 등에 따라 차등 적용)
- 대출기간 : 3 ~ 54개월

■ 꼭 알아두세요 
- 대출가능여부 및 대출가능금액은 2023년 7월 31일 기준이며 신청 당시 개인신용평점과 회사정책, 차주별 DSR기준에 따라 변동될 수 있음
- 대출취급이 부적정한 경우(개인신용평점낮음, 연체사유 발생 등) 대출이 제한 될 수 있음
- 취급수수료 및 중도상환수수료 없음
- 신청 전 상품설명서와 약관을 반드시 확인 필수
- 이지론 금리: 연 3.9%~19.9% (개인신용평점 등에 따라 차등 적용)
- 연체이자율: ""정상이자율+연체가산이자율(3%p)""로 법정 최고금리(연20%) 이내에서 적용
- 이자 납입일에 이자를 납입하여야 함
- 대출상환방법: 원(리)금균등분할 등
※상환능력에 비해 대출금이 과도할 경우, 귀하의 개인신용평점이 하락할 수 있음
※개인신용평점 하락 시 금융거래와 관련된 불이익이 발생할 수 있음
※일정기간 원리금을 연체할 경우, 모든 원리금을 변제할 의무가 발생할 수 있음
- 금융소비자는 해당 상품 또는 서비스에 대하여 설명을 받을 권리가 있으며, 그 설명을 듣고 내용을 충분히 이해한 후 거래하시기 바랍니다.

**카드 고객센터 (☎XXXX-XXXX) 

**카드의 영업정책에 따라 변경 또는 중단 될 수 있습니다.
**카드 광고성 정보 수신 *** 고객님께 발송되었습니다.
(동의 여부는 전 영업일자 기준으로 발송 시점과 다를 수 있으니 양해를 부탁드립니다)
※여신금융협회 심의필 제 2023-L1f-05106호
    (2023.05.16 ~ 2024.05.15)
※ 무료수신거부 ☎XXX-XXXX-XXXX","'**카드에서는 이지론 금리 할인 이벤트를 진행하며, 중도상환수수료 없이 간편하게 신청할 수 있습니다. 또한, 타사 대출 이용 중인 고객들을 위해 유리한 조건으로 대출을 갈아탈 수 있는 서비스를 제공하고 있습니다.'"
4,"**카드, 이용한도 상향 가능 안내]
[Web발신]
**카드] 이용한도 상향 가능 안내

안녕하세요.

**카드를 이용해주시는 *** 고객님께 깊은 감사의 말씀을 드립니다.
**카드 이용을 *** 고객님의 이용한도가 다음과 같이 상향 가능함을 안내하여 드립니다.

■ 상향가능 한도금액
  총 한도 : 300만원 → 500만원
**카드대출(현금서비스) 한도 : 120만원 → 200만원

■ 한도상향 방법
  아래 링크 또는 전용 ARS를 통해 한도상향을 진행할 수 있습니다.
  ① 바로가기 : [URL]
  ② [Service]: [URL]
  ③ 챗봇에서 한도상향 1:1상담하기 : [URL]
  ④ 전용 ARS : ☎15667227

※ 본 안내는 여신전문금융업 감독규정 제24조의5의 3항에 의거하여 적법하게 발송되었습니다.
**카드 사정에 의해 안내드린 이용한도로 상향되지 않을 수 있습니다. 
※ 한도 상향 *** 고객님의 신용도나 월 가처분소득 변경 등의 사유 발생시 이용한도가 다시 조정될 수 있습니다.
※ 기타 문의사항은 고객센터(☎15447000)로 문의바랍니다.","'**카드에서는 고객님의 이용한도를 상향하는 서비스를 제공하며, 상향 가능한 한도와 상향 방법을 안내하고 있습니다.'"
5,"**증권] 비대면계좌 수수료 혜택 지금 신청 하세요~
[Web발신]
**증권] 비대면계좌 수수료 혜택 신청 안내

****** 고객님! 반갑습니다.

**증권 비대면계좌를 개설하여 주셔서 다시 한번 감사의 말씀을 드립니다.
★*** 고객님께서는 평생수수료 혜택 대상고객이시며, 지금 신청하시면 평생 온라인 국내주식 위탁수수료 혜택을 받으실 수 있습니다.★

▣ 평생수수료 혜택 대상 계좌번호(개설일) : 367-8XX-3XX-01 (2023-7-24)
▣ 평생수수료 혜택 신청 가능 기간 : ~2023-10-23

▶평생수수료 혜택 신청하기
(M-able 앱) [URL]
(M-able mini 앱) [URL]

※ 수수료 혜택 미신청 시 혜택 적용 불가하며, 신청 완료 이후 주문 접수분부터 적용
※ 수수료 혜택은 주식(코스피,코스닥,코넥스) 기준 0.0044792% 부과
※ HTS(H-able,ACE), 홈페이지, MTS(M-able, M-able mini) 거래 시 혜택 적용
**증권플러스 등 제휴어플 제외) 
※ 수수료 혜택 적용 계좌 중 아래의 경우 해당일로부터 혜택 적용 불가
   - 협의수수료 등록, 주거래지점 변경, 관리자 등록, 스탁론 약정 등
     (스탁론 약정 계좌는 수수료 혜택 신청은 가능[Service]적용은 불가하며, 스탁론 해지 시 혜택 적용) 
**증권 해지수수료 0.2% 부과됩니다. 
※ 본 안내는 전일자 기준 수수료혜택 미신청 고객 대상으로 발송, 신청완료 고객도 문자 발송이 될 수 있음

**증권은 *** 고객님과 함께 합니다. 감사합니다.
**증권 고객센터 ☎ XXXX-XXXX

**증권 준법감시인 심사필 제2023-0956호(2023.04.14~2024.04.13)
**은행연계 저가수수료계좌는 국내주식 기준 HTS,홈페이지 0.015%, 모바일 0.12%일률적용되며, 자세한 사항은 홈페이지 참조 *비대면계좌는 신용거래 이자율 더 높게 적용됨 유의(비대면계좌 최대 연9.1%~최소 연5.5%, 일반계좌 최대 연9.1%~최소 연4.9%) *당사 사정으로 이벤트 일정변경/중단가능(단,기조건 충족/당첨고객 제외)

무료수신거부 XXX-XXX-XXXX",'**증권에서는 비대면 계좌를 개설한 고객들에게 평생 온라인 국내주식 위탁수수료 혜택을 제공하는 이벤트를 진행하고 있습니다.'
6,"(광고) 최대2만원 쿠폰 제공!
[Web발신]
**카드]
[Service][Company]
첫 자산 연동하면 [Company]포인트 최대 2만원!

■ 내용 
자산 연동 후 프로모션코드 '내자산연동' 입력하면 [Company]포인트 5천원 즉시 제공
쿠폰함의 '혜택2' 쿠폰교환코드를 이벤트 페이지에 등록하면, [Company]포인트 1만 5천원, 1만원, 5천원, 1천원 中 1개 즉시 추첨 제공

■ 기간: 2023.7.10(월)~7.19(수)

■ 대상: 본 메시지 수신 [Service]

■ 이벤트 바로가기
[URL]

■ 유의사항 
- 자세한 내용은 반드시 이벤트 본문 및 '꼭 확인하세요' 참조

**카드 광고성 정보 수신 *** 고객님께 발송되었습니다. (동의 여부는 전 영업일자 기준)

■ 문의: ☎XXXX-XXXX

**카드의 영업정책 및 제휴업체의 사정으로 변경 또는 중단될 수 있습니다.
※ 준법감시인 심의필 230407-01179-LMS(2023.04.07)
※ 무료수신거부 ☎XXX-XXXX-XXXX","'[Company]에서는 첫 자산 연동 고객을 대상으로 프로모션 코드 입력 시 즉시 포인트를 제공하며, 추가로 쿠폰 교환 코드를 이벤트 페이지에 등록하면 포인트를 추첨하여 제공하는 이벤트를 진행하고 있습니다.'"
7,"**은행 [깜짝 이벤트] 안내
[Web발신]
(*** 고객님 안녕하세요.
**은행, 
**은행이에요.

봄인가.. 여름인가.. 날씨도 애매하고..
뭔가.. 축 처지는 듯한 느낌..

지치고 힘들 땐 내게 기대~♪

모바일뱅킹 로그인만 하셔도
시~원한 아이스크림 드릴게요!

▶ 이벤트 기간 
: 2022.05.27(금) ~ 2022.05.31(화)
▶ 이벤트 참여방법 
: 모바일뱅킹 로그인 시, 자동 참여
▶ 이벤트 참여 바로가기 
: [URL]

▶ 경품 
: 베스킨 라빈스 쿼터 아이스크림 
  모바일 쿠폰 (추첨 400명)

▶ 경품 지급(예정)일 
: 2022.06.07(화) 
  
* 유의사항
**은행으로부터 이 문자를 직접 수[Service].
**은행 모바일뱅킹 로그인 시, 이벤트에 자동 참여 됩니다.
**은행 사정에 따라 공지없이 변경 또는 중단될 수 있습니다.
이벤트 참여 고객 중 400명을 추첨하여 경품을 제공합니다.
이벤트 당첨에 대한 안내는 없으며, 당첨 고객에 한하여 
**은행에 등록된 휴대폰 번호로 모바일 쿠폰이 발송될 예정입니다.
**은행 고객센터 (XXXX-XXXX 혹은 XXXX-XXXX)로 문의바랍니다.

준법감시인 심의필. 
심의번호 : 2022-G-1194
심의일자 : 2022-05-17 
유효기일 : 2022-05-31
* 무료수신거부 XXX-XXXX-XXXX",'**은행에서는 모바일뱅킹 로그인 고객 중 추첨을 통해 아이스크림 쿠폰을 제공하는 이벤트를 진행하고 있습니다.'
8,"**증권] 엄청난 혜택! 마감 임박!
[Web발신]
**증권]

무더위 피크가 지나가네요
여름 경품 이벤트도 끝나갑니다

#제습기 #선풍기 #호캉스 #상품권 
손쉽게 경품받는 핵이득 찬스!

[Service][모니모] 
첫 가입이면 누구나 드리니
가족, 친구와 공유하고
함께 당첨 기운 나눠요♡

▼곧 마감! 서두르세요▼
① 아래 링크로 모니모 가입하고
[URL]
② 이벤트 신청폼 제출하면 끝!
[URL]

▷기간: 23.7.7~23.8.8
▷대상: 기간 내 링크를 통한
　모니모 최초 신규 가입 및
　이벤트 신청한 고객 전원
▷경품:
① 특급호텔 숙박권 50만원권
② 신세계백화점 상품권 50만원권
③ [Service]18L
④ 다이슨 쿨 선풍기 타워형
⑤ 스타벅스 아메리카노 1잔
(①~④번 경품: 각 3명 추첨,
⑤번 경품: 상위 당첨 고객 제외 전원)

※ 이벤트 자세히 보기
: [URL]

★ 나는 언제쯤 팔자가 필까?
'모니모 운세톡톡'보고
팔자피자! 어깨피자! 웃음꽃피자♥
: [URL]

**증권과 무관하며 모니모에서 주관
※ 투자전 설명 청취 및 상품설명서·약관 필독
※ 예금자보호법상 보호상품 *** 고객님
※ 원금손실(0~100%) 발생 가능 및 투자자 귀속

**증권 준법감시인 심사필 제23-B2608호(2023.08.03 ~ 2024.08.02)

무료수신거부 XXX-XXX-XXXX",'**증권에서는 서비스 '모니모'의 신규 가입 고객을 대상으로 여러 가지 경품을 제공하는 이벤트를 진행하고 있습니다.'
9,"**은행]
**은행]
원하는 간식 골라 먹는 이벤트 진행중♬

★*** 고객님★ 
[Service]1만원 상당의
간식쿠폰 드려요!(조건충족시)

▶이벤트 자세히 보기
[URL]

■기간: 2023.7.20(목)~8.31(목)

**은행으로부터 본 이벤트 알림을 직접 *** 고객님

■참여방법
①[Service]접속하기
②‘응모하기’ 클릭 후 경품 선택하여 응모하기
③2023.9.30(토)까지 자동납부* 1건 이상 등록하여 출금 완료 시 경품 지급!
 ★자동납부 항목: 공과금, 아파트관리비 중 한 가지 이상
※자세한 내용은 이벤트페이지에서 꼭 확인하세요.

■경품: ①~④ 중 한 가지 선택(변경불가)
①배스킨라빈스 5천원권 2매
②파리바게뜨 5천원권 2매
③GS25 모바일 상품권 5천원권 2매
④CU 모바일 금액권 5천원권 2매

■경품지급: 자동납부 출금일에 따라 경품지급일 상이
[1차 지급] 2023.9.7(목) 이내, [2차 지급] 2023.10.12(목) 이내

▶카카오톡으로 혜택,경품이벤트 정보받기
[URL]

▶챗봇과 상담하기
[URL]

※본 이벤트는 안내메시지를 직접 *** 고객님만을 대상으로 함
※상품(서비스) 가입 전 상품(서비스)설명서 및 약관 필독
**은행이 상품 계약체결을 권유하는 경우 및 일반금융소비자가 설명을 요청하는 경우에도 중요한 사항을 이해할 수 있도록 설명받을 권리가 있음
**은행의 사정으로 변경 또는 중단될 수 있음
**은행 고객센터(XXXX-XXXX)로 문의

준법감시인 심의필 제2023-2750-8호(2023.7.18) (유효기간 2023.7.18~2023.10.12까지)

무료수신거부 XXX-XXX-XXXX

☎15889999/무료수신거부0808535882",'**은행에서는 자동납부 1건 이상 등록 고객을 대상으로 간식 쿠폰 이벤트를 진행하고 있습니다.'
10,"[Web발신]
**은행]
*** 고객님, 오늘 단 하루! 
[Service]하면 아아 1+1, 총 2잔 드려요 
(전원 증정, 1인 1회 참여 가능)
 
**은행의 스마트폰뱅킹 브랜드로,

언제 어디서나 빠르고 안전하고 간편하게
**은행 업무를 보실 수 있도록 해드려요!!

**은행으로부터 수[Service]*** 고객님
◈ 참여 방법 : 오늘 [Service]하면 당첨!
◈ 이벤트 기간 : 23.07.28(금), 단 하루!
◈ 이벤트 경품 : 메가MGC커피 ICE 아메리카노 모바일 쿠폰 2매
◈ 쿠폰 적립일 : 2023.08.16(수) 
※ 앱 푸시로 쿠폰 적립 알림 드려요 
※ 쿠폰 확인 : [Service]>My[Service]>쿠폰함

◈ 바로 로그인하러 가기 : [URL]

**은행 대표 스마트폰뱅킹 브랜드입니다.
**은행의 사정에 따라 변경 또는 중단될 수 있으며, 각 이벤트별 혜택은 동일 금액대의 다른 상품으로 변경될 수 있습니다. (단 기조건 *** 고객님 제외)
※본 이벤트 경품은 교환,환불,환가, 연장 및 재발급이 불가합니다.
※ 쿠폰 사용 관련 유의사항은 발급된 모바일 쿠폰 하단에 명시되어 있습니다.
**은행 고객센터(XXXX-XXXX)
※ 본 홍보물은 법령 및 내부통제기준에 따른 절차를 거쳐 제공됩니다.
※ 본 홍보물은 2023년 07월 28일까지 유효합니다.
준법감시인 심의필 제2023-광고-04801호(2023.07.12)
무료수신거부 XXX-XXX-XXXX",'**은행에서는 단 하루 동안 스마트폰뱅킹 서비스를 이용하는 고객에게 아메리카노 모바일 쿠폰 2매를 증정하는 이벤트를 진행하고 있습니다.'
11,"**은행안내메시지]
[Web발신]
**은행][상품안내]

(슬기로운 금융생활) 
바야흐로 언택트(Un-contact) 시대! 
**은행을 왜 가?!
코로나로 지친 요즘… 도움이 되는 필수 
금융서비스 두 가지를 소개합니다.

1) [Service]
금융생활의 편리함! 
**카드. [Service], [Service]모두 한번에 이용하세요~

[URL]

2) 오픈뱅킹
잠자고 있는 내 돈이 있을까? 
**은행을 한번에 이용할 수 있는 오픈뱅킹 서비스 등록하시고,
잔고 확인까지! 
지금 바로 가능합니다~

[URL] 

송금 수수료 면제, 
다양한 할인 쿠폰 이벤트까지!!
위 2가지 서비스 등록하시고 많은 혜택 가져가세요~!

**카드는 
부보금융기관이 아닙니다.
별도의 법적인 계약이 없는한 [Service]상호채무를 보증하지 않습니다.
기타 자세한 사항은 홈페이지 (www.shinhan.com) 참조 또는 가까운 영업점으로 문의하여 주시기바랍니다.

※ 이 금융상품을 가입(계약)하시기 전에 '금융상품 설명서' 및 '약관'을 반드시 읽어보시기 바랍니다.
※ 이 금융상품을 가입(계약)하시는 경우 금융소비자보호법 제19조 제1항에 따라 상품에 관한 중요한 사항을 설명받으실 수 있습니다.
※ 이 광고는 법령 및 내부통제기준에 따른 관련 절차를 거쳐 제공됩니다.

준법감시인 사전심사필 제2021-11016-1호(2021.05.31~2022.05.31)
/거부(무료)XXX-XXX-XXXX","'**은행에서는 언택트 시대에 맞춰 **카드와 오픈뱅킹 서비스를 소개하며, 이를 등록하면 송금 수수료 면제와 다양한 할인 쿠폰 이벤트 혜택을 제공하는 이벤트를 진행하고 있습니다.'"
12,"**은행안내메시지]
[Web발신]
**은행][상품안내]
천리길도 한걸음부터! 
나도 할 수 있다! 저축왕! 

지금 바로 '[Service]'을 가입하세요!

[2023.03.14 현재, 만기해지 시,
1년제 : 기본이자율 연 4.35%, 우대이자율 연 1.3% 적용 시 최고이자율 연 5.65%(세전) 
2년제 : 기본이자율 연 4.45%, 우대이자율 연 1.3% 적용 시 최고이자율 연 5.75%(세전) 
3년제 : 기본이자율 연 4.55%, 우대이자율 연 1.3% 적용 시 최고이자율 연 5.85%(세전) ]

▶저축한도: 월 30만원 이하 자유롭게 적립가능
▶우대요건 (최대 연 1.3%)
① 급여클럽 우대 : 이 상품 신규 후 급여클럽 월급봉투를 6개월 이상 받은 경우 연 0.5%
② 목돈마련 축하 우대 : 만기 시 원금 300만원 이상인 경우 연 0.3%
**은행 입출금 통장 첫 신규 대상인 경우 또는 
입출금 통장 중 거래중지 계좌만을 보유한 경우 연 0.3%
④ 친구초대 우대 : 초대코드를 입력 받거나 초대받은 코드를 입력한 경우 연 0.2%
※ 계약기간 만기 전 중도해지 한 계좌에 대해서는 적용하지 않습니다. 

▶ [Service]바로가기
[URL]

[유의사항]
※ 지급 제한 사유: 계좌에 압류, 가압류, 질권설정 등이 등록될 경우 원금 및 이자 지급이 제한됩니다. 
※이 금융상품을 가입(계약)하시기 전에 '금융상품 설명서' 및 '약관'을 반드시 읽어보시기 바랍니다. 
※이 금융상품을 가입(계약)하시는 경우 금융소비자보호법 제19조 제1항에 따라 상품에 관한 중요한 사항을 설명 받으실 수 있습니다.
※이 광고는 법령 및 내부통제기준에 따른 관련 절차를 거쳐 제공됩니다. 
**은행에 있는 귀하의 모든 예금보호대상 금융상품의 원금과 소정의 이자를 합하여 1인당 ""최고 5천만원"" 이며, 5천만원을 초과하는 나머지 금액은 보호하지 않습니다. 
**은행 고객상담센터 XXXX-XXXX(평일 오전 9시 ~ 오후 6시 / 주말 및 공휴일 휴무)로 문의 부탁 드립니다.
준법감시인 사전심사필 제2023-11044-2호 (2023.03.14~2023.12.31)
/거부(무료)XXX-XXX-XXXX","'**은행에서는 '[Service]' 상품 가입을 통해 최대 연 5.85%의 이자율을 제공하며, 급여클럽 가입, 목돈마련, 첫 신규 대상, 친구초대 등의 우대요건을 통해 추가 이자율을 받을 수 있는 이벤트를 진행하고 있습니다.'"
13,"**카드] 제휴마케팅 안내
[Web발신]
**카드] 이번 여행 뷰티 쇼핑은 신세계면세점에서! (☎XXXX-XXXX)

***만 받을 수 있는
**카드 x fit COLLABO의 프리미엄 쇼핑 혜택★ 놓치지 마세요!

이번 여행, 화장품 면세쇼핑은 신세계면세점에서!
뷰티 상품 구매하고 5만원 상당의 설화수 옥용팩 본품과
신세계면세점 적립금에 중복&즉시사용 가능한 1만원 추가할인까지 받으세요!

▶ 혜택 1. $120 이상 구매 시,
[설화수 옥용팩 본품] + [추가 1만원 포인트(중복 사용 가능)]
▶ 혜택 2. $29 이상 구매 시,
스페셜 기프트 증정!
(자세한 사항은 하단의 링크를 통해 확인해보세요!)



▶ 기간 : 
23.6.26.(월) ~ 23.6.30.(금)
* 재고 소진 시 조기 종료

▶ 혜택 받으러가기 : 
[URL]


▶ 꼭 알아두세요!
* 준비된 재고 소진 시 별도 안내 없이 판매 종료될 수 있습니다.
**카드 제외)
* 이 이벤트는 당사 사정에 따라 사전고지 없이 조기 종료될 수 있습니다.
* 자세한 사항은 NH pay앱 참고바랍니다.
* 계약체결 전 상품설명서와 약관을 확인하시기 바랍니다.
**카드사용액이 과도할 경우 개인신용평점이 하락할 수 있고, 하락 시 금융거래 관련 불이익 발생할 수 있습니다.
* 일정기간 원리금 연체 시, 모든 원리금 변제할 의무 발생할 수 있습니다.
**카드발급이 제한될 수 있습니다.
**카드이용대금과 이에 수반되는 모든 수수료를 지정된 대금 결제일에 상환합니다.
* 금융소비자는 해당상품 또는 서비스에 대하여 설명을 받을 권리가 있습니다.
 
**카드고객상담센터(XXXX-XXXX)
* 준법감시인 심의필 XXXX-XXXX (2023.06.23.~2023.06.30.)
/수신거부(무료)XXX-XXX-XXXX",'**카드와 신세계면세점이 협업하여 뷰티 상품 구매 고객에게 설화수 옥용팩 본품과 추가 할인 혜택을 제공하는 이벤트를 진행합니다.'
14,"**은행]
[Web발신]
(광고)띵동~! ****** 고객님♥ 다음 달 생일을 미리 축하드립니다! 
[Service]“생일 축하 쿠폰” 받아주세요~! 

▶ 생일 선물 확인하러 가기 
[URL] 
※정상적으로 작동 되지 않는 경우 [Service]최신버전으로 업데이트 부탁드립니다. 

■ 선물: [Service]1만원권 

■ 쿠폰 유효기간 : 2023.9.22(금) 
※ 유효기간 만료 후 쿠폰 사용 및 연장 불가 

■ 참여 방법 : 이벤트 페이지 內 ‘생일선물 받기’ 클릭 
(★[Service]필수★) 

▶ 챗봇과 상담하기 
[URL] 


※ [Service](최종 업데이트 버전) 이벤트 페이지에서 응모 가능하며, 응모 기회는 1인 1회 입니다.  
**은행으로부터 직접 안내메시지를 *** 고객님만 경품 지급대상에 해당됩니다.  
※ 휴대전화 기종에 따른 이벤트 링크 접속 지연 발생 시 고객센터(☎XXXX-XXXX)로 문의 바랍니다. 
**은행의 사정으로 변경 또는 중단될 수 있습니다. (단, 기 조건 충족고객 및 당첨고객 제외) 
**은행의 금융상품 거래 시 사용하실 수 있으며 쿠폰 종류에 따라 사용 가능 상품, 사용기간 등에 차이가 있을 수 있습니다.  
※ 금융상품에 관한 계약을 체결하기 전에 금융상품 설명서 및 약관을 읽어 보시기 바랍니다. 
**은행이 상품계약 체결을 권유하는 경우 및 일반 금융소비자가 설명을 요청하는 경우에도 중요한 사항을 이해할 수 있도록 설명받을 권리가 있습니다. 
**은행 홈페이지, [Service]수 있습니다 

준법감시인 심의필 제 XXXX-XXXX-3호 (2023.6.22)/유효기간 : 2023.6.22~2023.9.22까지 

☎15889999/무료수신거부0808535882","'**은행이 고객의 생일을 맞이하여 생일 축하 쿠폰을 제공하는 이벤트를 진행하고 있습니다. 이벤트 참여는 **은행의 서비스를 통해 가능하며, 쿠폰은 한정된 기간 동안만 사용 가능합니다.'"
15,"**은행]
[Web발신]
(광고)#한정판운동화 #트렌드아이템 #핫한여름 #인기의류

한번만 참여하면 매주 위클리 래플 자동 추첨!
빨리 응모하시면 핫한 경품을 가질 기회가 더 많아져요!

▶래플 경품 보러가기
[URL]

■이벤트기간: 2023.7.31(월)~2023.8.31(목)

**은행 챗봇과 상담하기
[URL]

※ 본 이벤트 관련 자세한 사항은 이벤트 페이지 내 유의사항을 참고하시기 바랍니다.
**은행의 사정으로 변경 또는 중단될 수 있으며(단, 기 조건 충족고객 및 당첨고객 제외), 사정상 동일 금액대의 다른 상품으로 변경될 수 있습니다.
**은행이 상품 계약체결을 권유하는 경우 및 일반금융소비자가 설명을 요청하는 경우에도 중요한 사항을 이해할 수 있도록 설명받을 권리가 있습니다.
※ 본 광고물은 이벤트 관련 홍보물이며 상품(서비스) 가입 전 자세한 내용은 상품(서비스)설명서 및 약관을 반드시 확인하시기 바랍니다.
**은행 고객센터(☎XXXX-XXXX)로 문의바랍니다.

※준법감시인 심의필 제2023-2811-2호(2023.7.20) 본 광고물에 대한 유효기간 2023.7.20~2023.09.08까지

무료 수신거부 XXX-XXXX-XXXX

☎15889999/무료수신거부0808535882","'**은행에서 한정판 운동화, 트렌드 아이템 등을 경품으로 제공하는 위클리 래플 이벤트를 진행 중입니다. 한 번 참여하면 매주 자동으로 추첨에 참여할 수 있습니다.'"
16,"**은행]
[Web발신]
(광고)무더운 여름을 이겨낼 커피선물 도착!
오늘까지 확인해주세요. (미확인시 쿠폰은 소멸됩니다)
☞ 지금 아이스 커피 선물 받기
[URL]

■ 경품: 메가MGC커피 (ICE)아메리카노1매
■ 수령 기간: 2023.7.31(월) 23:59까지
■ 참여방법 
이벤트 페이지 상단 [커피쿠폰 받기] 버튼 클릭! (버튼 클릭 필수)
■ 경품지급
2023.8.11(금) 이내 

챗봇과 상담하기 
[URL]
카톡에서 혜택 및 소식받기
[URL]

※ 본 이벤트는 [Service](최종 업데이트 버전)의 이벤트 페이지에서 응모가 가능하며, 응모 기회는 1인 1회에 한합니다.
**은행 고객정보에 등록된 휴대폰번호로 발송되었습니다.
※ 경품은 고객정보상의 휴대폰번호로 발송되오니 등록된 고객정보를 확인해주시기 바랍니다. (연락처 불일치시 수령 불가)
※ 휴대전화 기종에 따른 이벤트 링크 접속 지연 발생 시 고객센터(☎XXXX-XXXX) 로 문의 바랍니다.
**은행의 사정으로 변경 또는 중단될 수 있습니다.(단, 기 조건 충족고객 및 당첨고객 제외)
※ 금융소비자는 해당 서비스에 대하여 설명받을 권리가 있습니다.
※ 상품(서비스) 가입 전 상품(서비스)설명서 및 약관을 읽어보시기 바랍니다. 
※ 자세한 내용은 고객센터(☎XXXX-XXXX)로 문의하시기 바랍니다.
※ 준법감시인 심의필 제2023-2918-9호(2023.7.26) 유효기간 2023.7.26~8.11까지

☎15889999/무료수신거부0808535882","'**은행에서는 고객들을 대상으로 아이스 커피 쿠폰 선물 이벤트를 진행하며, 이벤트 페이지에서 버튼 클릭을 통해 참여할 수 있습니다.'"
17,"**은행]
[Web발신]
**은행]
나의 스마트한 자산 관리 Plan!
스타뱅킹의 다양한 입출금통장 확인해보세요!

▶*** 고객님에게 딱! 맞는 통장
[URL]

▶ 기존통장 전환하기
[URL]

▶ 챗봇과 상담하기
[URL]

※ 상품 가입 전 상품설명서 및 약관을 반드시 읽어보시기 바랍니다.
※ 예금자보호법에 따라 원금과 소정의 이자를 합하여 1인당 5천만원까지 예금자 보호합니다.
※ 금융소비자는 해당 상품 또는 서비스에 대하여 설명받을 권리가 있습니다.
**은행 고객센터: ☎XXXX-XXXX
**은행 홈페이지: www.kbstar.com
준법감시인 심의필 제2023-0069-3호(2023.01.06)(유효기간 2023.12.31까지)

☎15889999/무료수신거부0808535882","'**은행에서는 스마트한 자산 관리를 위한 다양한 입출금통장을 소개하고, 기존 통장 전환 및 챗봇 상담 서비스를 제공하고 있습니다.'"
18,"**은행]
[Web발신]
(광고)단 이틀간!
아이스크림, 커피 둘 중 [Service]당첨!
*** 고객님, 지금 바로 행운의 랜덤박스를 열어보세요♡ 	

▶ 랜덤박스 확인하러 가기
[URL]

■ 경품 (아래 경품 中 1개 100% 당첨)
1) 배스킨라빈스 더블레귤러 아이스크림 1매 
2) 메가MGC커피 ICE 아메리카노 1매

■ 수령 기간
2023.6.27(화)~6.28(수), 단 2일!

■ 참여방법 
이벤트 페이지 內 ‘랜덤박스 열기’ 클릭
(★[Service]필수★)

■ 경품지급
2023.7.11(화) 이내 
고객정보상에 등록된 휴대폰번호, [Service]지급

▶ 챗봇과 상담하기 
[URL]

※ 본 이벤트는 [Service](최종 업데이트 버전)의 이벤트 페이지에서 응모가 가능하며, 응모 기회는 1인 1회에 한합니다.
**은행 고객정보에 등록된 휴대폰번호로 발송되었습니다.
※ 경품은 고객정보상의 휴대폰번호로 발송되오니 등록된 고객정보를 확인해주시기 바랍니다. (연락처 불일치시 수령 불가)
※ 휴대전화 기종에 따른 이벤트 링크 접속 지연 발생 시 고객센터(☎XXXX-XXXX) 로 문의 바랍니다.
**은행의 사정으로 변경 또는 중단될 수 있습니다.(단, 기 조건 충족고객 및 당첨고객 제외)
※ 금융소비자는 해당 서비스에 대하여 설명받을 권리가 있습니다.
※ 상품(서비스) 가입 전 상품(서비스)설명서 및 약관을 읽어보시기 바랍니다. 
※ 자세한 내용은 고객센터(☎XXXX-XXXX)로 문의하시기 바랍니다.

무료 수신 거부 XXX-XXXX-XXXX

※ 준법감시인 심의필 제 XXXX-XXXX-3호(2023.6.23)
유효기간 : 2023.6.23~2023.7.11까지

☎15889999/무료수신거부0808535882",'**은행에서는 단 이틀간 진행되는 랜덤박스 이벤트를 통해 아이스크림 또는 커피 중 하나를 100% 당첨시키는 이벤트를 진행하고 있습니다.'
19,"**은행]신세계상품권 받아가세요!
[Web발신]
(*** 고객님 안녕하세요.
**은행,
**은행이에요.

오늘 뭐 입지?
매일 고민하시는 분들 주목!

모바일뱅킹 로그인 하시면
신세계 상품권을 드려요! (추첨 300명)

▶ 이벤트 기간 
: 2022.06.17(금) ~ 2022.06.30(목)
▶ 이벤트 참여방법 
: 모바일뱅킹 로그인 시, 자동 참여

▶ 이벤트 참여 바로가기 
: [URL]

▶ 경품 
: 신세계 모바일 상품권 (최대 5만원)
▶ 경품 지급(예정)일 
: 2022.07.05(화) / 개별통보
 
* 유의사항
**은행으로부터 이 문자를 직접 수[Service].
**은행 모바일뱅킹 로그인 시, 이벤트에 자동 참여 됩니다.
**은행 사정에 따라 공지없이 변경 또는 중단될 수 있습니다.
**은행에 등록된 휴대폰 번호로 모바일 쿠폰이 발송될 예정입니다.
경품 수령을 위해 개인정보를 경품 발송업체에 제공하며, 경품 지급 완료 후 6개월 이내 폐기됩니다. (모바일상품권 발송 업체 : 텔코인㈜, 제공정보 : 휴대폰번호)
**은행이 책임지지 않습니다.
모바일상품권은 유효기간 내 사용가능하며, 발송된 상품권의 유효기간이 경과한 경우 재발송이 불가합니다.
**은행업무와 관련하여 재산상 이익을 제공하는 경우
**은행법상 재산상 이익제공 보고 의무에 따라 보고됩니다.
**은행 고객센터 (XXXX-XXXX 혹은 XXXX-XXXX)로 문의바랍니다.

준법감시인 심의필.
심의번호 : 2022-G-1295
심의일자 : 2022-06-10
유효기일 : 2022-06-30
* 무료수신거부 : XXX-XXXX-XXXX","'**은행에서는 모바일뱅킹 로그인을 통해 자동으로 이벤트에 참여하게 되며, 추첨을 통해 선정된 300명에게 신세계 모바일 상품권을 지급하는 이벤트를 진행하고 있습니다.'"
20,"**은행]
[Web발신]
**은행] [Service]최대 6,000p를 드립니다!

[[Service]찾아서 2탄] [Service]
Wallet 포인트 최대 6,000p 적립해보세요! (조건 충족시)

▶이벤트 보러가기
[URL]

▶챗봇과 상담하기
[URL]

■기간
2023.5.2(화)~2023.6.30(금)

■참여방법
① [Service]:100p
② 국민비서 신청 및 알림설정:500p
③ 전자증명서 최초가입:200p
④ New Fun Contents 최초 이용동의:200p

★BONUS
조건 모두 충족시 [Service]5,000p추가 적립(2,000명 추첨)

■포인트지급
[Service]> 포인트통 > 내 포인트 확인하기
※자세한 사항 이벤트 페이지 참고

※ 본 이벤트는 [Service](최종 업데이트 버전) 내 [Service]시에만 적용됩니다
※ 적립조건 달성시 포인트는 실시간 지급되며, 당사의 사정으로 인해 포인트 지급이 지연될수 있습니다
**은행 고객정보에 등록된 휴대전화번호로 발송되었습니다
※금융소비자는 해당 서비스에 대하여 설명받을 권리가 있습니다
※서비스 가입 전 서비스 설명서 및 약관을 읽어보시기 바랍니다
**은행 고객센터(XXXX-XXXX)로 문의바랍니다
**은행의 사정으로 변경되거나 중단될 수 있습니다
※ 준법감시인 심의필 제2023-1588-8호(2023.4.24)
※ 유효기간: 2023.4.24 ~ 2023.7.7까지

무료 수신 거부 XXX-XXXX-XXXX

☎15889999/무료수신거부0808535882","'**은행에서는 서비스 이용과 관련된 다양한 조건을 충족시킬 경우 최대 6,000p의 포인트를 적립해주는 이벤트를 진행하고 있습니다.'"
21,"**은행]
(광고)단, 오늘 하루만! 여름엔~ 아이스 커피!♬
특별한 *** 고객님께 드립니다♡

▶ 커피 선물 받으러 가기
[URL]

■ 경품
메가MGC커피 (ICE)아메리카노 1매

■ 수령 기간
2023.6.30(금), 단 하루!

■ 참여방법 
이벤트 페이지 內 ‘럭키박스 열기’ 클릭
(★[Service]필수★)

■ 경품지급
2023.7.11(화) 이내 
고객정보상에 등록된 휴대폰번호, [Service]지급

▶ 챗봇과 상담하기 
[URL]

※ 본 이벤트는 [Service](최종 업데이트 버전)의 이벤트 페이지에서 응모가 가능하며, 응모 기회는 1인 1회에 한합니다.
**은행 고객정보에 등록된 휴대폰번호로 발송되었습니다.
※ 경품은 고객정보상의 휴대폰번호로 발송되오니 등록된 고객정보를 확인해주시기 바랍니다. (연락처 불일치시 수령 불가)
※ 휴대전화 기종에 따른 이벤트 링크 접속 지연 발생 시 고객센터(☎XXXX-XXXX) 로 문의 바랍니다.
**은행의 사정으로 변경 또는 중단될 수 있습니다.(단, 기 조건 충족고객 및 당첨고객 제외)
※ 금융소비자는 해당 서비스에 대하여 설명받을 권리가 있습니다.
※ 상품(서비스) 가입 전 상품(서비스)설명서 및 약관을 읽어보시기 바랍니다. 
※ 자세한 내용은 고객센터(☎XXXX-XXXX)로 문의하시기 바랍니다.

※ 준법감시인 심의필 제 XXXX-XXXX-7호(2023.6.23)
유효기간 : 2023.6.23~2023.7.11까지

☎15889999/무료수신거부0808535882",'**은행에서는 단 하루 동안 진행되는 럭키박스 이벤트로 아이스 아메리카노를 추첨하여 당첨자에게 지급하는 이벤트를 진행하고 있습니다.'
22,"**은행]
[Web발신]
**은행] [Service]참여 조건 안내

-본 안내는 「[Service]할인 받으세요!」 이벤트에 *** 고객님을 대상으로 발송되었습니다.-

*** 고객님! 이벤트에 응모해주셔서 진심으로 감사드립니다.

*** 고객님께서 참여하신 이벤트 조건은 아래와 같습니다.

■내용
[Service]완료 후 패키지 미션 달성
미션① [Service]1만원→주택청약종합저축 신규가입&자동이체 
미션② [Service]1만원→적금 또는 적립식펀드 10만원 이상(기간 6개월 이상) 신규가입&자동이체
[보너스] 패키지 미션 모두 완료

4월11일 *** 고객님께서는 [보너스] 조건 미충족으로 확인됩니다.
[Service]4.14(금)까지 미션 ①,② 모두 충족 시 추가 경품이 제공되오니 이벤트 페이지 내용을 참조해 주시기 바랍니다.

▶자세히보기
[URL]

▶챗봇과 상담하기
[URL]

**은행 고객정보상 휴대폰번호로 발송
※주택청약종합저축은 전 금융기관 1인1계좌 개설가능
※주택청약종합저축은 예금자보호법상 보호상품 아니나 주택도시기금 조성재원으로 정부가 관리
※투자 전 설명 청취 및 간이투자설명서,집합투자규약 필독
※금융투자상품은 예금자보호법상 보호상품 *** 고객님
※자산가격 변동 등에 따른 투자원금 손실 발생가능(0~100%) 및 투자자에게 귀속
**증권거래비용 등 추가발생 가능
※예금은 예금자보호법에 따라 원금과 소정이자를 합산해 1인당 5천만원까지 예금자 보호
※상품(서비스) 가입 전 상품(서비스)설명서/약관 필독
※금융소비자는 금융상품 및 서비스에 대해 설명받을 권리가 있음
**은행 사정으로 변경 및 중단될 수 있음
※자세한 내용은 이벤트페이지 참고바라며 고객센터(XXXX-XXXX)로 문의","'**은행에서는 주택청약종합저축과 적금 또는 적립식펀드에 신규 가입하고 자동이체를 설정하는 고객을 대상으로 패키지 미션 이벤트를 진행하며, 모든 미션을 완료한 고객에게는 추가 경품이 제공됩니다.'"
23,"**은행안내메시지]
[Web발신]
**은행][상품안내]
☆나를 중심으로 돌아가는 자산관리, 머니버스와 함께 시작해요☆

여기에도 내 돈이 있었나? 
곳곳에 숨겨진 자산까지 머니버스에서 한 번에 조회할 수 있어요~

흩어져 있는 내 자산, 한눈에 보는 것부터가 자산관리니까! 

모든게 돈이 되는 세상, 
[Service][머니버스 시작하기] 바로가기
☞[URL]

※금융소비자는 해당 상품 또는 서비스에 대해 설명받을 권리가 있습니다.
※본 서비스에 관한 계약을 체결하기 전에 해당 약관을 반드시 읽어보시기 바랍니다.
※ 이 광고물은 법령 및 내부통제 기준에 따른 관련 절차를 거쳐 제공됩니다.
**은행 고객상담센터 XXXX-XXXX (평일 오전 9시 ~ 오후 6시/주말 및 공휴일 휴무)로 부탁드립니다.
준법감시인 사전심사필 제2021-12924-1호 (2021. 12. 06 ~2022. 12. 06)
/거부(무료)XXX-XXX-XXXX",'**은행이 제공하는 머니버스 서비스를 통해 흩어져 있는 자산을 한눈에 조회하고 관리할 수 있는 서비스를 안내하고 있습니다.'
24,"(광고)[[Company]]지금바로 발행어음
[Web발신]
 (광고)[[Company]] ♡ 발행어음 가입혜택 ♡

▣ 이벤트 기간 : 4.10 ~ 5.31

▣ 이벤트 상품 : 발행어음 약정 181일물 이상

▣ 이벤트 내용

- 신세계상품권 1만원 (1천만원 이상 순매수시 전부 지급)

- 가입금액의 0.1% 캐시백 최대 100만원 (1억원이상 순매수시, 100명 추첨지급)

☞ [URL]
(당사 온라인 매체를 통해 가입한 상품에 한해 적용, 이벤트 신청 필수)

**증권(AA, 23.3.29, 한국신용평가)의 신용위험에 따른 원금손실가능 (AAA/AA.A.BBB각 +,0,-순으로 투자적격등급 구분) ※중도해지시 보유기간에 따라 낮은 수익율 적용(2023.1.2기준, 보유기간 1~90일-매수시점 고시수익율*20%, 91~180일-매수시점 고시수익율*30%, 181~270일-매수시점 고시수익율*50%, 271~364일-매수시점고시수익율*70%)※적립식 발행어음에 대한 자세한 사항은 홈페이지를 참고하여 주시기 바랍니다.

**증권 준법감시인 심사필 제2023-03452호
※ 유효기간 : 2023.04.11 ~ 2023.05.31

거부(무료)XXX-XXX-XXXX","'[[Company]]에서는 발행어음 가입 이벤트를 진행 중으로, 1천만원 이상 순매수시 신세계상품권 1만원을 지급하며, 1억원 이상 순매수시 가입금액의 0.1% 캐시백을 최대 100만원까지 추첨하여 지급합니다.'"
25,"**은행
[Web발신]
**은행]
선물 가득~ LIVE[Service]1주년 파티에 초대합니다!

축★LIVE[Service]1주년★하
재미있는 라이브 퀴즈쇼 즐기고 선물 받아가세요!
라이브 방송에서 만나요~!

◆언제: 7월 25일(화) 오후 6시
◆어디서: [Service]방송 [LIVE[Service]]
[URL]
◆오직 라이브 방송에서만!
-퀴즈 정답을 맞히시면 추첨을 통해
[JW메리어트 호텔 서울] 망고빙수 (5명)
[BBQ] 황금올리브치킨+콜라1.25L (30명)
[배스킨라빈스] 싱글레귤러 (50명)
[스타벅스] 아메리카노T+리얼치즈베이글 (50명)
[메가커피] 아메리카노(ICE) (200명)

-전원 증정 퀴즈를 맞히시면
[CU] 1천원 상품권 (전원증정)

**은행 라이브 방송 시청 및 이벤트 참여를 위해서는 최신버전의 [Service]필요합니다. ([Service]정보: 안드로이드 2.39 / iOS 2.41)
**은행 사정에 따라 변경 또는 조기 종료 될 수 있습니다. (단, 이벤트 조건 기 충족 *** 고객님 제외)
**은행 스마트폰뱅킹 대표 브랜드이며, 라이브 방송은 [Service].
※ 망고빙수 경품은 ‘JW메리어트 호텔 서울 지류 금액권(10만원권)’으로 제공되며, 2023년 8월 25일 이내 개별 배송됩니다. 그 외 이벤트 경품은 2023년 8월 11일 이내 [Service]>My[Service]>쿠폰함으로 지급되며 유효기간 연장 및 재발송이 불가합니다.
※ 본 홍보물은 법령 및 내부통제기준에 따른 절차를 거쳐 제공됩니다.
※ 본 홍보물은 2023년 7월 25일까지 유효합니다.
※ 준법감시인 심의필 제2023-광고-05053호(2023.07.20)
**은행 고객센터 (XXXX-XXXX)
무료수신거부 XXX-XXX-XXXX","'**은행이 서비스 1주년을 기념하여 라이브 퀴즈쇼를 개최하며, 퀴즈에 정답을 맞히는 참가자들에게 다양한 선물을 추첨을 통해 제공하는 이벤트를 진행합니다.'"
26,"**은행]
[Web발신]
(광고)복날맞이 치킨은 [Service]!☆ 
****** 고객님, 지금 바로 꽝없는 룰렛 돌려보세요! 

▶ 100% 당첨 룰렛 돌리러 가기 
[URL] 

▶ 카카오톡으로 혜택, 경품이벤트 정보 받기 
[URL] 

▶ 챗봇과 상담하기 
[URL] 

■ 룰렛 참여 가능 기간 
2023.7.21(금), 단 하루! 

■ 참여방법  
이벤트 페이지 內 ‘룰렛 돌리기‘ 클릭 
(★[Service]필수★) 

■ 경품지급 
2023.7.28(금) 이내 순차 지급 

※ 본 이벤트는 [Service](최종 업데이트 버전)의 이벤트 페이지에서만 ‘룰렛 돌리기’를 할 수 있으며, ‘룰렛돌리기’는  1인당 1회만 할 수 있습니다. 
**은행 고객정보에 등록된 휴대전화번호로 발송되었습니다. 
※ 경품은 고객정보상의 휴대폰번호로 발송되오니 등록된 고객정보를 확인해주시기 바랍니다. (연락처가 일치하지 않는 경우 수령하실 수 없습니다) 
※ 휴대폰 기종에 따른 이벤트 링크 접속 지연 발생 시 고객센터(☎XXXX-XXXX) 로 문의 바랍니다. 
**은행의 사정으로 변경 또는 중단될 수 있습니다. (단, 기 조건 충족고객 및 당첨고객 제외) 
※ 금융소비자는 해당 서비스에 대하여 설명받을 권리가 있습니다. 
※ 상품(서비스) 가입 전 상품(서비스)설명서 및 약관을 읽어보시기 바랍니다.  
※ 자세한 내용은 고객센터(☎XXXX-XXXX)로 문의하시기 바랍니다. 

준법감시인 심의필 제 XXXX-XXXX-3호(2023.7.18) 
유효기간 : 2023.7.18~2023.7.28까지 

☎15889999/무료수신거부0808535882","'**은행에서는 특정 날짜에 꽝 없는 룰렛 이벤트를 진행하며, 참여자는 이벤트 페이지에서 룰렛을 돌려 경품을 받을 수 있습니다.'"
27,"**은행]
[Web발신]
**은행] [Service]TOP3 

[Service]*** 고객님들이 즐겨찾는 서비스를 소개합니다.

■ [Service]
·패턴, 지문, Face ID로 쉬운 로그인
**카드, OTP없이 6자리 간편비밀번호로 이체
[URL]

■ 오픈뱅킹
·다른 금융기관 계좌 조회, 출금 가능
·계좌 등록하면 [Service]무료
[URL]

■ 마이데이터
·나의 금융정보와 비금융정보를 한 눈에 확인
·소비패턴 분석을 통한 지출관리 서비스
[URL]

※상품 및 서비스 계약체결/가입 전 설명 청취 및 설명서, 약관 필독
**은행 홈페이지 www.kbstar.com
**은행 고객센터 XXXX-XXXX
준법감시인 심의필 제2022-3947호(2022.12.15)(유효기간 2023.12.31까지)
무료수신거부 XXX-XXXX-XXXX

☎15889999/무료수신거부0808535882","'**은행에서는 고객들이 즐겨찾는 서비스 3가지를 소개하며, 간편한 로그인 서비스, 오픈뱅킹, 마이데이터를 통한 지출관리 서비스를 제공하고 있습니다.'"
28,"**은행]
[Web발신]
**은행]
[Service]이벤트
지금 다시 마이데이터 자산 1년 연결하면
시원한 경품 100% 당첨!

▶이벤트 자세히 보러가기
[URL]

■경품
조건 충족 시 아래 경품 중 택 1(100%지급)
① 스타벅스 아메리카노 Tall 모바일쿠폰 1매
② [CU] 모바일 금액권 5,000원권 1매
③ [파리바게트] 5,000원권 1매
④ [Service]5,000p
■이벤트 기간
2023.7.24(월) ~ 8.13(일)
■대상 
**은행으로부터 수[Service]
■참여방법
이벤트 기간 內 아래 조건 모두 충족(순서무관)
① 이벤트 응모하기 
② [Service]자산 1년 연결 등록
**은행]개인(신용)정보 마케팅활용동의(안내수단:문자 포함 필수) 및 [마이데이터]개인(신용)정보 마케팅 활용동의 필수 
■당첨자 발표
2023.8.18(금)
■경품지급
2023.8.25(금)이내 발송

※ 경품 수령을 위한 고객정보상의 휴대폰 번호를 확인하여 주시기 바랍니다.
**은행의 사정으로 변경 또는 중단될 수 있습니다.
※ 서비스 가입 전 서비스설명서 및 약관을 반드시 읽어보시기 바랍니다.
※ 금융소비자는 해당 상품 또는 서비스에 대하여 설명받을 권리가 있습니다.
**은행 고객센터(☎XXXX-XXXX)로 문의바랍니다.
**은행 고객센터  XXXX-XXXX
**은행 홈페이지  www.kbstar.com

**은행 준법감시인 심의필 제2023-2779-3호(2023.07.18), 
유효기간 2023.07.18~2023.08.25 까지  
무료수신거부 XXX-XXX-XXXX

☎15889999/무료수신거부0808535882",'**은행에서는 마이데이터 자산을 1년 동안 연결하면 참여자 전원에게 경품을 제공하는 이벤트를 진행하고 있습니다.'
29,"**은행]
[Web발신]
(광고)단, 오늘 하루만! 여름엔~ 아이스 커피!♬
특별한 *** 고객님께 드립니다♡

▶ 커피 선물 받으러 가기
[URL]

■ 경품
메가MGC커피 (ICE)아메리카노 1매

■ 수령 기간
2023.6.30(금), 단 하루!

■ 참여방법 
이벤트 페이지 內 ‘럭키박스 열기’ 클릭
(★[Service]필수★)

■ 경품지급
2023.7.11(화) 이내 
고객정보상에 등록된 휴대폰번호, [Service]지급

▶ 챗봇과 상담하기 
[URL]

※ 본 이벤트는 [Service](최종 업데이트 버전)의 이벤트 페이지에서 응모가 가능하며, 응모 기회는 1인 1회에 한합니다.
**은행 고객정보에 등록된 휴대폰번호로 발송되었습니다.
※ 경품은 고객정보상의 휴대폰번호로 발송되오니 등록된 고객정보를 확인해주시기 바랍니다. (연락처 불일치시 수령 불가)
※ 휴대전화 기종에 따른 이벤트 링크 접속 지연 발생 시 고객센터(☎XXXX-XXXX) 로 문의 바랍니다.
**은행의 사정으로 변경 또는 중단될 수 있습니다.(단, 기 조건 충족고객 및 당첨고객 제외)
※ 금융소비자는 해당 서비스에 대하여 설명받을 권리가 있습니다.
※ 상품(서비스) 가입 전 상품(서비스)설명서 및 약관을 읽어보시기 바랍니다. 
※ 자세한 내용은 고객센터(☎XXXX-XXXX)로 문의하시기 바랍니다.

※ 준법감시인 심의필 제 XXXX-XXXX-7호(2023.6.23)
유효기간 : 2023.6.23~2023.7.11까지

☎15889999/무료수신거부0808535882",'**은행에서는 단 하루 동안 진행되는 럭키박스 이벤트로 아이스 아메리카노를 추첨하여 당첨자에게 지급하는 이벤트를 진행하고 있습니다.'
30,"**은행]
[Web발신]
**은행]타금융기관 신용대출을 보유하셨다면?

대출이동서비스 조회하면 100% 커피쿠폰 증정
**은행으로 대출 갈아타면 첫달 이자지원 최대 20만원까지(추첨100명)

▶이벤트 응모하기
[URL] 
▶대출이동서비스 조회
[URL]

■ 대상
본 메시지 *** 고객님

■ 기간
23.6.16(금)~7.31(월)

■ 참여방법(①,② 순서 무관)
[이벤트1]
①대출이동서비스 조회 완료
②이벤트 응모완료 시 커피쿠폰 100% 지급(응모필수)
[이벤트2]
①대출이동서비스로 신용대출 갈아타기 완료
②이벤트 응모완료 시 최대 20만원 이자지원(추첨100명)

■ 당첨발표: 2023.8.4(금)
■ 경품지급: 2023.8.10(목)

※계약체결/가입 전 설명서 및 약관 필독
**은행 각 50%씩 부담)
※금융소비자는 금융상품/서비스에 대해 설명받을 권리가 있음
※여신부적격자는 대출 제한될 수 있음
※이자는 대출기간 중 매월 이자지급일에 대출상환방법에 따라 부과(분할상환: 월단위 월계산 또는 월단위 일계산 후취)
※연체이율은 대출이율에 연3% 연체가산 최고 연체이율 연15%
단, 대출이율이 15% 이상인 경우 대출이율에 연2% 가산
※상환능력 대비 대출금이 과도할 경우 신용평점 하락 및 불이익 발생가능
※원리금 연체시 계약만기 전 모든 원리금 변제의무가 발생가능
자세한 내용은 영업점, 고객센터(☎XXXX-XXXX), 홈페이지(www.kbstar.com) 참조
※ 준법감시인 심의필 제 XXXX-XXXX-3호(2023.6.15)
본 광고물에 대한 유효기간 2023.6.15~2023.8.10까지

☎15889999/무료수신거부0808535882","'**은행에서는 타 금융기관 신용대출을 보유한 고객을 대상으로 대출이동서비스 조회 시 커피쿠폰을 증정하고, 대출을 이동하면 첫 달 이자를 최대 20만원까지 지원하는 이벤트를 진행하고 있습니다.'"
31,"**은행]
[Web발신]
**은행]범상치않은 황금빛 혜택

[Service]RUN!
황금호랑이 골드바, 황금세뱃돈 주인공이 바로 나?

▶이벤트보러가기
[URL]

■기간
2022.2.7(월)~2.28(월)

■방법
[Service](1개기관이상)
※마케팅 선택동의 필수(문자 포함)

■경품
[전원지급] (①,② 中 택1)
① 스타벅스 아메리카노 Tall 쿠폰
② 파리바게뜨 5천원권  모바일쿠폰
[추첨]BBQ 황금올리브치킨+콜라(500명)

※2개업권 이상 동의 시
[추첨] 황금세뱃돈 50만 포인트리(30명)

※3개업권 이상 동의 시
[추첨] 황금호랑이 골드바 10g(5명)


※경품 발송을 위해 등록된 고객정보(휴대전화번호/자택주소) 확인 필수
**은행부담/황금세뱃돈( 50만 포인트리) 고객부담
※계약체결/가입 전 설명서 약관 필독
※금융상품, 서비스에 대해 설명 요청 가능
**은행의 사정으로 변경 또는 중단될 수 있음
※ 각 이벤트 별 자세한 내용 및 유의사항은 이벤트페이지 참고 또는 고객센터(☎XXXX-XXXX)로 문의바랍니다.

준법감시인 심의필 제2022-0305-6호(2022.2.3)(유효기간 2022.3.31까지)
무료 수신 거부 XXX-XXXX-XXXX

☎15889999/무료수신거부0808535882","'**은행에서는 한 달 동안 진행되는 이벤트로 서비스에 동의하는 고객들에게 다양한 경품을 제공하며, 동의하는 업권의 수에 따라 더 큰 경품을 추첨하여 제공하는 이벤트를 진행하고 있습니다.'"
32,"**은행]
[Web발신]
**은행] 쿠폰 사용기간 만료 안내
내일까지 사용하지 않으면 [10,000원 금융쿠폰] 이 사라져요 ㅠ_ㅜ

-쿠폰명:  [Service]
-쿠폰만료일: 4.28(금) 23:59 
※사용기간 만료 후 쿠폰 연장 및 사용 불가

Tip! 내일까지 [Service]쿠폰 연장이 가능합니다!

☞내가 받은 쿠폰 확인하기
[URL]

▷[Service]?
[URL]

▷ 챗봇과 상담하기 
[URL]

**은행의 금융상품 거래 시 사용하실 수 있으며 쿠폰 종류에 따라 사용 가능 상품, 사용기간 등에 차이가 있을 수 있습니다. 자세한 조건은 쿠폰함을 확인하시기 바랍니다.
※ 쿠폰 사용 후 일정 기간 이내에 해당 상품을 해지하거나 거래를 취소하는 경우 사용한 쿠폰은 현금으로 지급되지 않고 쿠폰으로 복원되오니 유의하시기 바랍니다.
※ 상품 가입금액이 쿠폰 금액보다 큰 경우에만 사용 가능하며, 거래당 1개의 쿠폰을 사용할 수 있습니다.
※ 사용기간 만료 후에는 쿠폰 사용 및 사용기간 연장이 불가하며, 현금으로 교환·환불·재판매가 불가합니다.
※ 금융상품에 관한 계약을 체결하기 전에 금융상품 설명서 및 약관을 읽어 보시기 바랍니다.
**은행이 상품계약 체결을 권유하는 경우 및 일반 금융소비자가 설명을 요청하는 경우에도 중요한 사항을 이해할 수 있도록 설명받을 권리가 있습니다.
**은행 홈페이지, [Service]수 있습니다.

※ 준법감시인 심의필 제2023-1581-11호(2023.4.24) 광고물에 대한 유효기간 2023.4.24~2023.4.28까지

무료 수신 거부 XXX-XXXX-XXXX

☎15889999/무료수신거부0808535882","'**은행에서는 고객들이 보유한 금융쿠폰의 사용기간 만료를 알리며, 만료일 전에 쿠폰을 사용하도록 권장하는 메시지를 전달하고 있습니다.'"
33,"**은행]
[Web발신]
**은행]

*** 고객님, 1개월 동안이나 마이데이터 혜택을 못누리셨네요
나만을 위한 자산관리 컨설팅을 다시 경험 하세요

① 나를 알고 내게 맞는 서비스를 제공하는 
     자산관리서비스

② 소비패턴 분석 진단을 한 더 나은 소비생활 제안
     지출관리 서비스

③ 다양한 실물자산부터 신용관리까지, 더 쉽게 관리하는
     금융플러스 서비스

▶ [URL]
유의사항 
※계약체결/가입 전 설명서 약관 필독
※금융상품, 서비스에 대해 설명 요청 가능
**은행 홈페이지(www.kbstar.com)를 참고
 또는 해당 영업점으로 문의 하시기 바랍니다.
무료수신거부 XXX-XXX-XXXX

☎15889999/무료수신거부0808535882","'**은행에서는 고객님께 자산관리, 지출관리, 금융플러스 서비스 등을 제공하는 마이데이터 혜택을 안내하고 있습니다.'"
34,"**은행]
[Web발신]
(광고) *** 고객님! 영어회화 고민 덜어드립니다!
[Service]시작을 도와드려요!

■기간: 4.10(월)~4.30(일)
■대상: [Service]*** 고객님
■참여방법: 응모 & 취향저격 혜택알림(PUSH)동의하기
■경품: 튜터링 수강권 무료체험권 (주차별 1만명)
 튜터링 수강권 20% 할인쿠폰(전원 지급)

▶이벤트 자세히보기
[URL]
▶챗봇과 상담하기
[URL] 

※본 이벤트는 [Service]이벤트 페이지에서만 응모가능
※쿠폰발송일 기준 [Service]*** 고객님은 지급 대상에서 제외
※본 이벤트 응모 및 튜터링 제휴쿠폰 발급(사용)은 1인 1회만 가능(쿠폰 재발급/ 재사용 불가)
※튜터링 제휴쿠폰은 발급일로부터 7일 이내만 사용 가능하며, 발급된 쿠폰의 유효기간이 경과한 경우 재발급 불가
**은행 혹은 제휴사의 사정에 따라 변경 또는 중단될 수 있으며, 이벤트 경품은 사정상 동일 금액대의 다른 상품으로 변경될 수 있음
**은행이 상품 계약체결을 권유하는 경우 및 일반금융소비자가 설명을 요청하는 경우에도 중요한 사항을 이해할 수 있도록 설명받을 권리가 있음
※상품(서비스) 가입 전 상품(서비스) 설명서 및 약관 필독
**은행 고객센터(☎XXXX-XXXX)로 문의하시거나
**은행 홈페이지(www.kbstar.com )를 참조바람
※튜터링 제휴쿠폰 사용 관련 문의는 튜터링 App > 마이튜터링 > 이용안내 > 고객센터로 문의 바람

※무료수신거부: XXX-XXXX-XXXX

☎15889999/무료수신거부0808535882",'**은행에서는 특정 기간 동안 고객들을 대상으로 영어회화 튜터링 수강권 무료체험권 및 할인쿠폰을 제공하는 이벤트를 진행하고 있습니다.'
35,"**은행]
[Web발신]
**은행]

한 눈에 쏙!
내 계좌 한눈에 보던 서비스를 3주일이나 못받았어요,
30초만에 재연결 해볼까요?

모든 자산을 한곳에 모으고
나만을 위한 자산관리 컨설팅을 다시 경험하세요!
▶ [URL]

#[Service]
**은행계좌도한눈에

유의사항 
※계약체결/가입 전 설명서 약관 필독
※금융상품, 서비스에 대해 설명 요청 가능
**은행 홈페이지(www.kbstar.com)를 참고
 또는 해당 영업점으로 문의 하시기 바랍니다.
무료수신거부 XXX-XXX-XXXX

☎15889999/무료수신거부0808535882","'**은행에서는 고객들이 자신의 계좌를 한눈에 볼 수 있는 서비스를 재연결하고, 개인화된 자산관리 컨설팅을 제공하는 이벤트를 진행하고 있습니다.'"
36,"**증권][Company]글로벌신성장
[Web발신]
**증권]
*** *** 고객님, 안녕하세요!

세계경제를 주도할 7개 신성장 테마에 분산 투자하고 하위 사모펀드가 일부 손실을 우선 충당해주는 [Company] 글로벌신성장(사모투자재간접형)펀드를 소개합니다.

**증권투자신탁(사모투자재간접형)
★ 투자포인트
☞ 글로벌 신성장 테마 7개에 분산투자하고, 테마별 주도기업에 압축투자 
☞ 손익차등형으로 하위 사모펀드가 손실 우선 충당
☞ 목표수익률 달성 시 조기상환(공모펀드 누적기준가 1,200원, 만기 3년)

- 모집청약기간: 23.07.17~08.07
- 설정일: 23.08.08
- 상품위험등급: 판매사 2등급(고위험), 운용사 2등급(높은위험)
- 선취수수료: 납입금액의 0.5% 이내 
- 총보수: 연 0.32%(판매:0.25%, 운용: 0.01%, 기타: 0.06%)
- 신탁계약기간 : 3년 
- 환매방법: 중도 환매 불가 
- 환헤지: 없음. 환노출형으로 환율변동에 따른 환차익/환차손이 기준가에 반영
※ A-e클래스 기준, 피투자펀드보수 별도

▼모집펀드를 확인하세요!!
[URL]

**증권거래비용 등 추가 발생 가능
※ 클래스별 보수·수수료에 따라 운용실적 상이

**증권 준법감시인 심사필 제2023-06645호
※ 유효기간 : 2023.07.17 ~ 2023.08.07

거부(무료)XXX-XXX-XXXX","'**증권에서는 글로벌 신성장 테마 7개에 분산 투자하고 하위 사모펀드가 손실을 우선 충당하는 [Company] 글로벌신성장(사모투자재간접형)펀드를 소개하며, 특정 기간 동안 모집을 진행합니다.'"
37,"복날 기념! 수지가 치킨 쏜닭~
[Web발신]
(광고)[[Service]] 복날 기념! *** 고객님 [Service]이벤트~

▶ 수지가 치킨 100명 쏜닭~!
참여하기 : [URL]

[Service]낯선 *** 고객님을 위한 이벤트! 

① 333만뷰 돌파! 이수지의 [Service]영상 즐기기
② 치킨과 콜라세트 행운 응모

시원하게 웃고~ 무더위를 날려보세요

**은행 스마트폰뱅킹 대표 브랜드입니다.
**은행의 사정에 따라 내용이 변경되거나 조기 종료 될 수 있습니다. (단, 기 조건 충족 *** 고객님 제외)
**은행 고객센터(XXXX-XXXX>0>4)로 문의하여 주시기 바랍니다.
※ 본 홍보물은 법령 및 내부통제기준에 따른 절차를 거쳐 제공됩니다.
※ 본 홍보물은 2023년 8월 23일까지 유효합니다.  
※ 준법감시인 심의필 제2023-(광고)-04336호(2023.06.26)
무료수신거부 XXX-XXX-XXXX",'**은행에서는 복날을 기념하여 이수지의 영상을 시청하고 치킨과 콜라 세트를 응모할 수 있는 이벤트를 진행하고 있습니다.'
38,"[Web발신]
**은행
소득,직업 상관없이 신청가능한 
[Service]이벤트!
간편하게 마이너스통장 대출받고!
100만 [Service]♥

▶이벤트 기간:3차 ’23.06.01 ~’23.06.30
▶이벤트 대상:이벤트 기간내 비상금대출 받고, 첫달 이자를 정상 납부한 *** 고객님
▶이벤트 혜택:추첨을 통해 회차별 111명 [Service]
-1등(1명): 100만 [Service]
-2등(10명): 5만 [Service]
-3등(100명): 5천 [Service]

▼이벤트 자세히 보기▼
[URL]새봄맞이비상금이벤트

**은행 고객센터(XXXX-XXXX), [Service](XXXX-XXXX)로 문의 ※본 홍보물은 2023년 6월 30일까지 유효합니다※준법감시인 심의필 2023-광고-02235호(2023.04.03) 
무료수신거부: XXX-XXX-XXXX",'**은행에서는 이벤트 기간 동안 비상금 대출을 받고 첫달 이자를 정상 납부한 고객을 대상으로 추첨을 통해 총 111명에게 [Service]를 제공하는 이벤트를 진행하고 있습니다.'
39,"**은행]
[Web발신]
**은행
[쿠폰만료 안내]

*** 고객님의 적금금리우대쿠폰이 곧 사라져요! 

아직 사용 전이라면 유효 기간을 꼭 확인하시고, *** 고객님을 위한 우대혜택을 꼼꼼히 챙겨보세요.

쿠폰명 : 적금금리우대쿠폰 (연 0.2%, 세전)
유효 기간 : 발급일 포함 35일 이내 (쿠폰함에서 상세 확인)

■ 내 금리우대쿠폰 확인하기 (클릭!)
: [URL]쿠폰함체크

--------------------------
▶유의사항
**은행에 있는 귀하의 모든 예금보호대상 금융상품의 원금과 소정의 이자를 합하여 1인당 ""최고5천만원""이며, 5천만원을 초과하는 나머지 금액은 보호하지 않습니다.
※ 금융상품에 관한 계약을 체결하기 전에 금융상품 설명서 및 약관을 읽어 보시기 바랍니다.
※ 예금성 상품가입 시 구속성 예금 제도의 영향을 받으실수 있습니다.
**은행 홈페이지(www.kebhana.com)를 참고하시거나, 고객센터(XXXX-XXXX,0,1) 또는 영업점으로 문의해 주시기 바랍니다.
※ 본 홍보물은 법령 및 내부통제기준에 따른 절차를 거쳐 제공됩니다.
※ 본 홍보물은 2023년 11월 30일까지 유효합니다.
※ 준법감시인 심의필 제2022-광고-09117호(2022.12.16)/CC브랜드221220-0167
무료수신거부 XXX-XXX-XXXX","'**은행에서는 고객님의 적금금리우대쿠폰 만료를 알리며, 아직 사용하지 않았다면 유효 기간을 확인하고 이용하도록 권장하는 메시지를 보냈습니다.'"
40,"[Web발신]
**은행 [[Service]]

**은행과 첫 거래를 시작한 *** 고객님 진심으로 감사합니다. 

감사한 *** 고객님을 위해 혜택을 가득 담은 [Service]선물로 준비했습니다!

[Service]
① 무료로 제공하는 비타 500 쿠폰
② 100% 드리는 적금금리우대쿠폰 (연 0.2%) 
**은행의 다양한 금융 서비스 안내 
가 담겨 있습니다.

2개의 선물부터 신규 *** 고객님을 위한 서비스 안내까지 모두 만날 수 있는 [Service]열어보세요!

■ [Service]
: bit.ly/첫거래[Service]

**은행 첫 거래 *** 고객님을 위해 선물과 혜택을 모아 담은 [Service].

**은행 스마트폰뱅킹 대표 브랜드입니다.
※금융소비자는 해당 상품 또는 서비스에 대하여 설명 받을 권리가 있습니다.
※금융상품은 계약 체결전에 상품설명서 및 약관을 읽어보시기 바랍니다.
**은행에 있는 귀하의 모든 예금보호 대상 금융상품의 원금과 소정의 이자를 합하여 1인당 “최고 5천만원”이며, 5천만원을 초과하는 나머지 금액은 보호하지 않습니다.
**은행 홈페이지(www.kebhana.com) 참조해주시거나 대표번호(XXXX-XXXX)로 문의해 주시기 바랍니다.
※본 홍보물은 법령 및 내부통제기준에 따른 절차를 거쳐 제공됩니다.
※본 홍보물은 2023년 11월 30일까지 유효합니다. 준법감시인 심의필 제2022-광고-09112호(2022.12.16)/CC브랜드221223-0192
무료수신거부: XXX-XXX-XXXX",'**은행에서는 첫 거래 고객들을 대상으로 비타 500 쿠폰과 적금금리우대쿠폰을 제공하는 이벤트를 진행하고 있습니다.'
41,"**은행]
[Web발신]
**은행
[쿠폰 안내]

반가운 *** 고객님에게 드려요!
♥적금금리우대쿠폰 (연 0.2%)♥

열심히 일하는 직장인 *** 고객님이 적금 가입 하실 때 0.2%(연, 세전) 금리 더 받길 바라는 마음에 준비했어요.

며칠 전부터 쿠폰함에서 기다리고 있대요.

지금 바로 확인해 보세요!

■ 쿠폰함 바로가기
: [URL]직장인쿠폰함

- 우대 금리 : 0.2% (연, 세전)
- 사용 기한 : 발급일 포함 35일 이내 (쿠폰함에서 상세 확인)

--------------------------
▶유의사항
**은행에 있는 귀하의 모든 예금보호대상 금융상품의 원금과 소정의 이자를 합하여 1인당 ""최고5천만원""이며, 5천만원을 초과하는 나머지 금액은 보호하지 않습니다.
※ 금융상품에 관한 계약을 체결하기 전에 금융상품 설명서 및 약관을 읽어 보시기 바랍니다.
※ 예금성 상품가입 시 구속성 예금 제도의 영향을 받으실수 있습니다.
**은행 홈페이지(www.kebhana.com)를 참고하시거나, 고객센터(XXXX-XXXX,0,1) 또는 영업점으로 문의해 주시기 바랍니다.
※ 본 홍보물은 법령 및 내부통제기준에 따른 절차를 거쳐 제공됩니다.
※ 본 홍보물은 2023년 11월 30일까지 유효합니다.
※ 준법감시인 심의필 제2022-광고-09113호(2022.12.16)/CC브랜드221220-0163

무료수신거부 XXX-XXX-XXXX",'**은행에서는 고객들에게 적금 가입 시 연 0.2%의 우대 금리를 제공하는 쿠폰을 발급하고 있습니다.'
42,"**은행]
[Web발신]
(광고)오직 오늘만! 꽝없는 룰렛! 피자당첨의 주인공은?☆
*** 고객님, 지금 바로 꽝없는 룰렛 돌려보세요!

▶ 100% 당첨 룰렛 돌리러 가기
[URL]

▶ 카카오톡으로 혜택, 경품이벤트 정보 받기
[URL]

▶ 챗봇과 상담하기
[URL]

■ 경품 (아래 경품 中 1개 100% 당첨)
1) 도미노피자 포테이토M+콜라 1.25L 모바일쿠폰 1매 
2) 100포인트리

■ 룰렛 참여 가능 기간
2023.6.23(금), 단 하루!

■ 참여방법 
이벤트 페이지 內 ‘룰렛 돌리기‘ 클릭
(★[Service]필수★)

■ 경품지급
2023.6.30(금) 이내 순차 지급

※ 본 이벤트는 [Service](최종 업데이트 버전)의 이벤트 페이지에서 응모가 가능하며, 응모 기회는 1인 1회에 한합니다.
**은행 고객정보에 등록된 휴대전화번호로 발송되었습니다.
※ 경품은 고객정보상의 휴대전화번호로 발송되오니 등록된 고객정보를 확인해주시기 바랍니다. (연락처 불일치시 수령 불가)
※ 휴대전화 기종에 따른 이벤트 링크 접속 지연 발생 시 고객센터(☎XXXX-XXXX) 로 문의 바랍니다.
**은행의 사정으로 변경 또는 중단될 수 있습니다.(단, 기 조건 충족고객 및 당첨고객 제외)
※ 금융소비자는 해당 서비스에 대하여 설명받을 권리가 있습니다.
※ 상품(서비스) 가입 전 상품(서비스)설명서 및 약관을 읽어보시기 바랍니다. 
※ 자세한 내용은 고객센터(☎XXXX-XXXX)로 문의하시기 바랍니다.

무료 수신 거부: XXX-XXXX-XXXX

준법감시인 심의필 제 XXXX-XXXX-2호(2023.6.21)
유효기간 : 2023.6.21~2023.6.30까지

☎15889999/무료수신거부0808535882","'**은행에서는 단 하루 동안 꽝 없는 룰렛 이벤트를 진행하며, 참여자는 피자 쿠폰 또는 포인트 중 하나를 100% 당첨받을 수 있습니다.'"
43,"**은행]
[Web발신]
(광고)지금 바로 들어오세요! [Service]피자,치킨,커피,아이스크림 모두 쏩니다!

▶라이브방송 시청하러 가기
[URL]

▶이벤트 응모하러 가기
[URL]


■라이브방송: 6.22(목) 18:00~19:00(예정)
■대상: [Service]후 [Service]

EVENT1. 실시간 추첨 이벤트
ㅇ 참여방법: 라이브방송 중 실시간 추첨 이벤트 참여(이벤트 응모 필수)
ㅇ 경품:
①우수상: 도미노피자 슈퍼슈프림 L+콜라1.25L 모바일쿠폰1매(30명)
②참가상: BHC 뿌링클 + 콜라1.25L 모바일쿠폰 1매(30명)

EVENT2. 댓글 소통 이벤트
ㅇ 참여방법: 라이브방송 중 댓글 소통 참여(이벤트 응모 필수)
ㅇ 경품:
① 배스킨라빈스 파인트 아이스크림 모바일쿠폰 1매(10명 선정)

EVENT3. [Service]5분 이상 시청 이벤트
ㅇ 참여방법: 실시간 라이브방송 5분이상 시청(이벤트 응모 필수)
ㅇ 경품:
①스타벅스 카페 아메리카노 Tall 모바일쿠폰 1매(300명 추첨)

■당첨자 발표 및 경품발송:
2023.6.30(금) 이내

※이벤트 중복 당첨 불가하며 참여 순서 무관 및 로그인 필수

▶챗봇과 상담하기
[URL] 

※본 이벤트 응모는 1인당 1회 한함
※중복 당첨 시 경품은 최고액 경품에 한하여 1회 지급
※경품지급일 기준 참여방법 조건 미충족시 당첨 제외
**은행의 사정으로 변경 또는 중단될 수 있음
※금융소비자는 금융상품 또는 서비스에 대하여 설명받을 권리 있음
※서비스 가입 및 계약체결 전 상품(설명서)및 약관 필독
**은행 고객센터(☎XXXX-XXXX)로 문의

무료 수신 거부 XXX-XXXX-XXXX

☎15889999/무료수신거부0808535882","'**은행에서는 라이브방송 시청을 통한 실시간 추첨, 댓글 소통, 그리고 5분 이상 시청 이벤트를 통해 다양한 경품을 제공하는 이벤트를 진행하고 있습니다.'"
44,"**은행]
[Web발신]
**은행] ☆마감임박☆
간단한 스탬프 미션을 완료하고 응모만 해주세요! (100% 당첨)
다이슨 공기청정기, 배스킨라빈스,  CU쿠폰까지 경품이 와르르!

▶ 오늘까지 참여가능한 이벤트 바로가기
[URL]

■기간: 2023.4.13(목) ~ 4.19(수) 

■참여방법
① 이벤트 페이지 상단 [내 스탬프 확인하기] 를 통해 미션 확인
② 미션 달성 후 활성화된 [경품 신청하기]  버튼 클릭하면 응모 완료!

※ 미션: [Service]Pay등록,[Service],[Service]동의

■경품: 아래 경품 중 추첨을 통해 지급
1등: 다이슨 공기청정기/ 2등: 배스킨라빈스 더블레귤러 아이스크림/ 
3등: CU 모바일 금액권 1천원권

■ 당첨자 발표: 2023.4.21(금) 
■ 경품지급: 모바일쿠폰 : 2023.4.28(금) 이내/ 실물경품 : 2023.5.19(금) 이내 

▶ 챗봇과 상담하기 
[URL]

※ 본 이벤트는 [Service](최신 업데이트 버전)의 이벤트 페이지 내에서 1인 1회만 참여가능합니다.
※ 연락처 오류 등의 사유로 경품 수령 불가 시 당첨이 무효처리됩니다.
※ 금융소비자는 금융상품 또는 서비스에 대하여 설명받을 권리가 있습니다.
※ 서비스 가입 전 서비스 설명서 및 약관을 읽어보시기 바랍니다.
**은행 고객센터(XXXX-XXXX)로 문의바랍니다.
**은행의 사정으로 변경되거나 중단될 수 있습니다.

무료 수신 거부 XXX-XXXX-XXXX

☎15889999/무료수신거부0808535882","'**은행에서 스탬프 미션을 완료하고 응모하면 100% 당첨되는 이벤트를 진행 중이며, 다양한 경품이 준비되어 있습니다.'"
45,"**은행]
[Web발신]
(광고)시크릿 이벤트 도착!
문자를 받으신 *** 고객님만 참여가능하세요

내가 모은 스탬프로 응모한 모든 분께
다이슨 공기청정기, 배스킨라빈스,  CU쿠폰까지 꽝 없는 경품을 드립니다!

☞내 스탬프 확인하기: 
[URL]

■기간: 2023.4.13(목) ~ 4.19(수) 

■참여방법
① 이벤트 페이지 상단 [내 스탬프 확인하기] 를 통해 미션 확인
② 미션 달성 후 활성화된 [경품 신청하기]  버튼 클릭하면 응모 완료!

※ 미션: [Service]Pay등록,[Service],[Service]동의

■경품: 아래 경품 중 추첨을 통해 지급
1등: 다이슨 공기청정기/ 2등: 배스킨라빈스 더블레귤러 아이스크림/ 
3등: CU 모바일 금액권 1천원권

■ 당첨자 발표: 2023.4.21(금) 
■ 경품지급: 모바일쿠폰 : 2023.4.28(금) 이내/ 실물경품 : 2023.5.19(금) 이내 

▶ 챗봇과 상담하기 
[URL]

※ 본 이벤트는 [Service](최신 업데이트 버전)의 이벤트 페이지 내에서 1인 1회만 참여가능합니다.
※ 연락처 오류 등의 사유로 경품 수령 불가 시 당첨이 무효처리됩니다.
※ 금융소비자는 금융상품 또는 서비스에 대하여 설명받을 권리가 있습니다.
※ 서비스 가입 전 서비스 설명서 및 약관을 읽어보시기 바랍니다.
**은행 고객센터(XXXX-XXXX)로 문의바랍니다.
**은행의 사정으로 변경되거나 중단될 수 있습니다.

무료 수신 거부 XXX-XXXX-XXXX

☎15889999/무료수신거부0808535882","'**은행에서는 고객이 모은 스탬프로 응모 가능한 이벤트를 진행하며, 다이슨 공기청정기, 배스킨라빈스 아이스크림, CU 모바일 금액권 등 다양한 경품을 추첨을 통해 제공합니다.'"
46,"**은행]
[Web발신]
**은행]  
스타뱅킹 길라잡이 안내

[Service]
비대면 가능업무 미리 알아보기!
원하는 서비스를 찾으실 수 있도록 
길라잡이가 도와드릴게요

■ 뱅킹서비스 : 증명서 신청/발급신청/오류해제 및 분실신고 등
■ 알림서비스 : 입출금알림/나만의 금융정보 설정 등
■ 생활/편의서비스 : 공과금납부/이체/번호표발행 등
**카드만들기 등
■ 대출/외환서비스 : 대출관리/외화송금 등
■ 오픈뱅킹서비스 : 다른금융계좌등록/잔액모으기 등

▶ 스타뱅킹 길라잡이
[URL]

▶ 챗봇과 상담하기
[URL]

※ 금융소비자는 해당 상품 또는 서비스에 대하여 설명받을 권리가 있습니다.
※ 서비스 가입 전 반드시 약관 및 상품설명서를 읽어보시기 바랍니다.

**은행 고객센터: ☎XXXX-XXXX
**은행 홈페이지: www.kbstar.com

☎15889999/무료수신거부0808535882",'**은행이 스타뱅킹 길라잡이를 통해 다양한 비대면 뱅킹 서비스를 안내하고 있습니다.'
